Workbook

Sheet 工作表2
A1: 日期 | B1: 時間 | C1: 測試槽 | D1: 泵浦編號 | E1: 序號 | F1: 定子溫度 A | G1: 定子溫度 B | H1: 環境溫度 | I1: 運轉電流 (A) | J1: 泵浦 HP | K1: Alarm | L1: 1號水槽水溫度 | M1: 2號水槽水溫度
A2: 46077 | B2: 0.6875 | C2: 1號水槽 | D2: P-01 | E2: 202510001 | F2: 63.1 | G2: 62.6 | H2: 24 | I2: 6.13 | J2: =VLOOKUP(D2, [1]設備資料!$A:$E, 5, 0) -> 2 | K2: =IF(I2="", 0, IF(OR(I2=0, AND(J2=2, I2>6.6), AND(J2=3, I2>8.6), AND(J2=5, I2>14.1)), 1, 0)) -> 0 | L2: 33.6
A3: 46077 | B3: 0.6875 | C3: 1號水槽 | D3: P-02 | E3: 202510006 | F3: 58.4 | H3: 24 | I3: 6.03 | J3: =VLOOKUP(D3, [1]設備資料!$A:$E, 5, 0) -> 2 | K3: =IF(I3="", 0, IF(OR(I3=0, AND(J3=2, I3>6.6), AND(J3=3, I3>8.6), AND(J3=5, I3>14.1)), 1, 0)) -> 0 | L3: 33.6
A4: 46077 | B4: 0.6875 | C4: 1號水槽 | D4: P-05 | E4: 202511011 | F4: 68.7 | G4: 69.8 | H4: 24 | I4: 8.06 | J4: =VLOOKUP(D4, [1]設備資料!$A:$E, 5, 0) -> 3 | K4: =IF(I4="", 0, IF(OR(I4=0, AND(J4=2, I4>6.6), AND(J4=3, I4>8.6), AND(J4=5, I4>14.1)), 1, 0)) -> 0 | L4: 33.6
A5: 46077 | B5: 0.6875 | C5: 1號水槽 | D5: P-06 | E5: 202511012 | F5: 68.6 | H5: 24 | I5: 7.78 | J5: =VLOOKUP(D5, [1]設備資料!$A:$E, 5, 0) -> 3 | K5: =IF(I5="", 0, IF(OR(I5=0, AND(J5=2, I5>6.6), AND(J5=3, I5>8.6), AND(J5=5, I5>14.1)), 1, 0)) -> 0 | L5: 33.6
A6: 46077 | B6: 0.6875 | C6: 1號水槽 | D6: P-09 | E6: 202511001 | F6: 90.6 | G6: 91.5 | H6: 24 | I6: 13.62 | J6: =VLOOKUP(D6, [1]設備資料!$A:$E, 5, 0) -> 5 | K6: =IF(I6="", 0, IF(OR(I6=0, AND(J6=2, I6>6.6), AND(J6=3, I6>8.6), AND(J6=5, I6>14.1)), 1, 0)) -> 0 | L6: 33.6
A7: 46077 | B7: 0.6875 | C7: 1號水槽 | D7: P-10 | E7: 202511002 | F7: 86.8 | G7: 85.6 | H7: 24 | I7: 13.34 | J7: =VLOOKUP(D7, [1]設備資料!$A:$E, 5, 0) -> 5 | K7: =IF(I7="", 0, IF(OR(I7=0, AND(J7=2, I7>6.6), AND(J7=3, I7>8.6), AND(J7=5, I7>14.1)), 1, 0)) -> 0 | L7: 33.6
A8: 46077 | B8: 0.69444444 | C8: 2號水槽 | D8: P-03 | E8: 202510024 | F8: 62.5 | G8: 62.3 | H8: 24 | I8: 6.17 | J8: =VLOOKUP(D8, [1]設備資料!$A:$E, 5, 0) -> 2 | K8: =IF(I8="", 0, IF(OR(I8=0, AND(J8=2, I8>6.6), AND(J8=3, I8>8.6), AND(J8=5, I8>14.1)), 1, 0)) -> 0 | M8: 33.2
A9: 46077 | B9: 0.69444444 | C9: 2號水槽 | D9: P-04 | E9: 202510026 | F9: 65.8 | H9: 24 | I9: 6.47 | J9: =VLOOKUP(D9, [1]設備資料!$A:$E, 5, 0) -> 2 | K9: =IF(I9="", 0, IF(OR(I9=0, AND(J9=2, I9>6.6), AND(J9=3, I9>8.6), AND(J9=5, I9>14.1)), 1, 0)) -> 0 | M9: 33.2
A10: 46077 | B10: 0.69444444 | C10: 2號水槽 | D10: P-07 | E10: 202511017 | F10: 68.2 | G10: 68.5 | H10: 24 | I10: 7.85 | J10: =VLOOKUP(D10, [1]設備資料!$A:$E, 5, 0) -> 3 | K10: =IF(I10="", 0, IF(OR(I10=0, AND(J10=2, I10>6.6), AND(J10=3, I10>8.6), AND(J10=5, I10>14.1)), 1, 0)) -> 0 | M10: 33.2
A11: 46077 | B11: 0.69444444 | C11: 2號水槽 | D11: P-11 | E11: 202511005 | F11: 90.3 | G11: 89.4 | H11: 24 | I11: 13.35 | J11: =VLOOKUP(D11, [1]設備資料!$A:$E, 5, 0) -> 5 | K11: =IF(I11="", 0, IF(OR(I11=0, AND(J11=2, I11>6.6), AND(J11=3, I11>8.6), AND(J11=5, I11>14.1)), 1, 0)) -> 0 | M11: 33.2
A12: 46077 | B12: 0.69444444 | C12: 2號水槽 | D12: P-12 | E12: NA | F12: 90.4 | G12: 96.1 | H12: 24 | I12: 13.29 | J12: =VLOOKUP(D12, [1]設備資料!$A:$E, 5, 0) -> 5 | K12: =IF(I12="", 0, IF(OR(I12=0, AND(J12=2, I12>6.6), AND(J12=3, I12>8.6), AND(J12=5, I12>14.1)), 1, 0)) -> 0 | M12: 33.2
A13: 46078 | B13: 0.39583333 | C13: 1號水槽 | D13: P-01 | E13: 202510001 | F13: 75.1 | G13: 74.5 | H13: 25 | I13: 6.03 | J13: =VLOOKUP(D13, [1]設備資料!$A:$E, 5, 0) -> 2 | K13: =IF(I13="", 0, IF(OR(I13=0, AND(J13=2, I13>6.6), AND(J13=3, I13>8.6), AND(J13=5, I13>14.1)), 1, 0)) -> 0 | L13: 44.8
A14: 46078 | B14: 0.39583333 | C14: 1號水槽 | D14: P-02 | E14: 202510006 | F14: 71.2 | H14: 25 | I14: 5.78 | J14: =VLOOKUP(D14, [1]設備資料!$A:$E, 5, 0) -> 2 | K14: =IF(I14="", 0, IF(OR(I14=0, AND(J14=2, I14>6.6), AND(J14=3, I14>8.6), AND(J14=5, I14>14.1)), 1, 0)) -> 0 | L14: 44.8
A15: 46078 | B15: 0.39583333 | C15: 1號水槽 | D15: P-05 | E15: 202511011 | F15: 81.1 | G15: 81.9 | H15: 25 | I15: 7.86 | J15: =VLOOKUP(D15, [1]設備資料!$A:$E, 5, 0) -> 3 | K15: =IF(I15="", 0, IF(OR(I15=0, AND(J15=2, I15>6.6), AND(J15=3, I15>8.6), AND(J15=5, I15>14.1)), 1, 0)) -> 0 | L15: 44.8
A16: 46078 | B16: 0.39583333 | C16: 1號水槽 | D16: P-06 | E16: 202511012 | F16: 80.4 | H16: 25 | I16: 7.82 | J16: =VLOOKUP(D16, [1]設備資料!$A:$E, 5, 0) -> 3 | K16: =IF(I16="", 0, IF(OR(I16=0, AND(J16=2, I16>6.6), AND(J16=3, I16>8.6), AND(J16=5, I16>14.1)), 1, 0)) -> 0 | L16: 44.8
A17: 46078 | B17: 0.39583333 | C17: 1號水槽 | D17: P-09 | E17: 202511001 | F17: 102.1 | G17: 102.3 | H17: 25 | I17: 13.64 | J17: =VLOOKUP(D17, [1]設備資料!$A:$E, 5, 0) -> 5 | K17: =IF(I17="", 0, IF(OR(I17=0, AND(J17=2, I17>6.6), AND(J17=3, I17>8.6), AND(J17=5, I17>14.1)), 1, 0)) -> 0 | L17: 44.8
A18: 46078 | B18: 0.39583333 | C18: 1號水槽 | D18: P-10 | E18: 202511002 | F18: 98.2 | G18: 96.5 | H18: 25 | I18: 13.32 | J18: =VLOOKUP(D18, [1]設備資料!$A:$E, 5, 0) -> 5 | K18: =IF(I18="", 0, IF(OR(I18=0, AND(J18=2, I18>6.6), AND(J18=3, I18>8.6), AND(J18=5, I18>14.1)), 1, 0)) -> 0 | L18: 44.8
A19: 46078 | B19: 0.40277778 | C19: 2號水槽 | D19: P-03 | E19: 202510024 | F19: 74.5 | G19: 74.3 | H19: 25 | I19: 6.04 | J19: =VLOOKUP(D19, [1]設備資料!$A:$E, 5, 0) -> 2 | K19: =IF(I19="", 0, IF(OR(I19=0, AND(J19=2, I19>6.6), AND(J19=3, I19>8.6), AND(J19=5, I19>14.1)), 1, 0)) -> 0 | M19: 43.8
A20: 46078 | B20: 0.40277778 | C20: 2號水槽 | D20: P-04 | E20: 202510026 | F20: 77.8 | H20: 25 | I20: 6.08 | J20: =VLOOKUP(D20, [1]設備資料!$A:$E, 5, 0) -> 2 | K20: =IF(I20="", 0, IF(OR(I20=0, AND(J20=2, I20>6.6), AND(J20=3, I20>8.6), AND(J20=5, I20>14.1)), 1, 0)) -> 0 | M20: 43.8
A21: 46078 | B21: 0.40277778 | C21: 2號水槽 | D21: P-07 | E21: 202511017 | F21: 80.2 | G21: 80.9 | H21: 25 | I21: 7.55 | J21: =VLOOKUP(D21, [1]設備資料!$A:$E, 5, 0) -> 3 | K21: =IF(I21="", 0, IF(OR(I21=0, AND(J21=2, I21>6.6), AND(J21=3, I21>8.6), AND(J21=5, I21>14.1)), 1, 0)) -> 0 | M21: 43.8
A22: 46078 | B22: 0.40277778 | C22: 2號水槽 | D22: P-11 | E22: 202511005 | F22: 102.3 | G22: 101.4 | H22: 25 | I22: 13.31 | J22: =VLOOKUP(D22, [1]設備資料!$A:$E, 5, 0) -> 5 | K22: =IF(I22="", 0, IF(OR(I22=0, AND(J22=2, I22>6.6), AND(J22=3, I22>8.6), AND(J22=5, I22>14.1)), 1, 0)) -> 0 | M22: 43.8
A23: 46078 | B23: 0.40277778 | C23: 2號水槽 | D23: P-12 | E23: NA | F23: 102.4 | G23: 97.2 | H23: 25 | I23: 13.23 | J23: =VLOOKUP(D23, [1]設備資料!$A:$E, 5, 0) -> 5 | K23: =IF(I23="", 0, IF(OR(I23=0, AND(J23=2, I23>6.6), AND(J23=3, I23>8.6), AND(J23=5, I23>14.1)), 1, 0)) -> 0 | M23: 43.8
A24: 46078 | B24: 0.6875 | C24: 1號水槽 | D24: P-01 | E24: 202510001 | F24: 75.6 | G24: 74.9 | H24: 27 | J24: =VLOOKUP(D24, [1]設備資料!$A:$E, 5, 0) -> 2 | K24: =IF(I24="", 0, IF(OR(I24=0, AND(J24=2, I24>6.6), AND(J24=3, I24>8.6), AND(J24=5, I24>14.1)), 1, 0)) -> 0 | L24: 45.1
A25: 46078 | B25: 0.6875 | C25: 1號水槽 | D25: P-02 | E25: 202510006 | F25: 71.4 | H25: 27 | J25: =VLOOKUP(D25, [1]設備資料!$A:$E, 5, 0) -> 2 | K25: =IF(I25="", 0, IF(OR(I25=0, AND(J25=2, I25>6.6), AND(J25=3, I25>8.6), AND(J25=5, I25>14.1)), 1, 0)) -> 0 | L25: 45.1
A26: 46078 | B26: 0.6875 | C26: 1號水槽 | D26: P-05 | E26: 202511011 | F26: 81.2 | G26: 82.5 | H26: 27 | J26: =VLOOKUP(D26, [1]設備資料!$A:$E, 5, 0) -> 3 | K26: =IF(I26="", 0, IF(OR(I26=0, AND(J26=2, I26>6.6), AND(J26=3, I26>8.6), AND(J26=5, I26>14.1)), 1, 0)) -> 0 | L26: 45.1
A27: 46078 | B27: 0.6875 | C27: 1號水槽 | D27: P-06 | E27: 202511012 | F27: 80.9 | H27: 27 | J27: =VLOOKUP(D27, [1]設備資料!$A:$E, 5, 0) -> 3 | K27: =IF(I27="", 0, IF(OR(I27=0, AND(J27=2, I27>6.6), AND(J27=3, I27>8.6), AND(J27=5, I27>14.1)), 1, 0)) -> 0 | L27: 45.1
A28: 46078 | B28: 0.6875 | C28: 1號水槽 | D28: P-09 | E28: 202511001 | F28: 103.1 | G28: 101.8 | H28: 27 | J28: =VLOOKUP(D28, [1]設備資料!$A:$E, 5, 0) -> 5 | K28: =IF(I28="", 0, IF(OR(I28=0, AND(J28=2, I28>6.6), AND(J28=3, I28>8.6), AND(J28=5, I28>14.1)), 1, 0)) -> 0 | L28: 45.1
A29: 46078 | B29: 0.6875 | C29: 1號水槽 | D29: P-10 | E29: 202511002 | F29: 98 | G29: 97.2 | H29: 27 | J29: =VLOOKUP(D29, [1]設備資料!$A:$E, 5, 0) -> 5 | K29: =IF(I29="", 0, IF(OR(I29=0, AND(J29=2, I29>6.6), AND(J29=3, I29>8.6), AND(J29=5, I29>14.1)), 1, 0)) -> 0 | L29: 45.1
A30: 46078 | B30: 0.69444444 | C30: 2號水槽 | D30: P-03 | E30: 202510024 | F30: 74.7 | G30: 74.7 | H30: 27 | J30: =VLOOKUP(D30, [1]設備資料!$A:$E, 5, 0) -> 2 | K30: =IF(I30="", 0, IF(OR(I30=0, AND(J30=2, I30>6.6), AND(J30=3, I30>8.6), AND(J30=5, I30>14.1)), 1, 0)) -> 0 | M30: 44.2
A31: 46078 | B31: 0.69444444 | C31: 2號水槽 | D31: P-04 | E31: 202510026 | F31: 78 | H31: 27 | J31: =VLOOKUP(D31, [1]設備資料!$A:$E, 5, 0) -> 2 | K31: =IF(I31="", 0, IF(OR(I31=0, AND(J31=2, I31>6.6), AND(J31=3, I31>8.6), AND(J31=5, I31>14.1)), 1, 0)) -> 0 | M31: 44.2
A32: 46078 | B32: 0.69444444 | C32: 2號水槽 | D32: P-07 | E32: 202511017 | F32: 81.2 | G32: 81 | H32: 27 | J32: =VLOOKUP(D32, [1]設備資料!$A:$E, 5, 0) -> 3 | K32: =IF(I32="", 0, IF(OR(I32=0, AND(J32=2, I32>6.6), AND(J32=3, I32>8.6), AND(J32=5, I32>14.1)), 1, 0)) -> 0 | M32: 44.2
A33: 46078 | B33: 0.69444444 | C33: 2號水槽 | D33: P-11 | E33: 202511005 | F33: 101.7 | G33: 97 | H33: 27 | J33: =VLOOKUP(D33, [1]設備資料!$A:$E, 5, 0) -> 5 | K33: =IF(I33="", 0, IF(OR(I33=0, AND(J33=2, I33>6.6), AND(J33=3, I33>8.6), AND(J33=5, I33>14.1)), 1, 0)) -> 0 | M33: 44.2
A34: 46078 | B34: 0.69444444 | C34: 2號水槽 | D34: P-12 | E34: NA | F34: 103.7 | G34: 97.5 | H34: 27 | J34: =VLOOKUP(D34, [1]設備資料!$A:$E, 5, 0) -> 5 | K34: =IF(I34="", 0, IF(OR(I34=0, AND(J34=2, I34>6.6), AND(J34=3, I34>8.6), AND(J34=5, I34>14.1)), 1, 0)) -> 0 | M34: 44.2
A35: 46079 | B35: 0.39583333 | C35: 1號水槽 | D35: P-01 | E35: 202510001 | F35: 78 | G35: 77.4 | H35: 23 | I35: 6.12 | J35: =VLOOKUP(D35, [1]設備資料!$A:$E, 5, 0) -> 2 | K35: =IF(I35="", 0, IF(OR(I35=0, AND(J35=2, I35>6.6), AND(J35=3, I35>8.6), AND(J35=5, I35>14.1)), 1, 0)) -> 0 | L35: 47.2
A36: 46079 | B36: 0.39583333 | C36: 1號水槽 | D36: P-02 | E36: 202510006 | F36: 73.6 | H36: 23 | I36: 5.98 | J36: =VLOOKUP(D36, [1]設備資料!$A:$E, 5, 0) -> 2 | K36: =IF(I36="", 0, IF(OR(I36=0, AND(J36=2, I36>6.6), AND(J36=3, I36>8.6), AND(J36=5, I36>14.1)), 1, 0)) -> 0 | L36: 47.2
A37: 46079 | B37: 0.39583333 | C37: 1號水槽 | D37: P-05 | E37: 202511011 | F37: 85 | G37: 84 | H37: 23 | I37: 7.89 | J37: =VLOOKUP(D37, [1]設備資料!$A:$E, 5, 0) -> 3 | K37: =IF(I37="", 0, IF(OR(I37=0, AND(J37=2, I37>6.6), AND(J37=3, I37>8.6), AND(J37=5, I37>14.1)), 1, 0)) -> 0 | L37: 47.2
A38: 46079 | B38: 0.39583333 | C38: 1號水槽 | D38: P-06 | E38: 202511012 | F38: 83.5 | H38: 23 | I38: 7.92 | J38: =VLOOKUP(D38, [1]設備資料!$A:$E, 5, 0) -> 3 | K38: =IF(I38="", 0, IF(OR(I38=0, AND(J38=2, I38>6.6), AND(J38=3, I38>8.6), AND(J38=5, I38>14.1)), 1, 0)) -> 0 | L38: 47.2
A39: 46079 | B39: 0.39583333 | C39: 1號水槽 | D39: P-09 | E39: 202511001 | F39: 105.7 | G39: 104.7 | H39: 23 | I39: 13.75 | J39: =VLOOKUP(D39, [1]設備資料!$A:$E, 5, 0) -> 5 | K39: =IF(I39="", 0, IF(OR(I39=0, AND(J39=2, I39>6.6), AND(J39=3, I39>8.6), AND(J39=5, I39>14.1)), 1, 0)) -> 0 | L39: 47.2
A40: 46079 | B40: 0.39583333 | C40: 1號水槽 | D40: P-10 | E40: 202511002 | F40: 100.7 | G40: 99.8 | H40: 23 | I40: 13.45 | J40: =VLOOKUP(D40, [1]設備資料!$A:$E, 5, 0) -> 5 | K40: =IF(I40="", 0, IF(OR(I40=0, AND(J40=2, I40>6.6), AND(J40=3, I40>8.6), AND(J40=5, I40>14.1)), 1, 0)) -> 0 | L40: 47.2
A41: 46079 | B41: 0.40277778 | C41: 2號水槽 | D41: P-03 | E41: 202510024 | F41: 77.3 | G41: 77.2 | H41: 23 | I41: 6.38 | J41: =VLOOKUP(D41, [1]設備資料!$A:$E, 5, 0) -> 2 | K41: =IF(I41="", 0, IF(OR(I41=0, AND(J41=2, I41>6.6), AND(J41=3, I41>8.6), AND(J41=5, I41>14.1)), 1, 0)) -> 0 | M41: 46.2
A42: 46079 | B42: 0.40277778 | C42: 2號水槽 | D42: P-04 | E42: 202510026 | F42: 81.1 | H42: 23 | I42: 6.22 | J42: =VLOOKUP(D42, [1]設備資料!$A:$E, 5, 0) -> 2 | K42: =IF(I42="", 0, IF(OR(I42=0, AND(J42=2, I42>6.6), AND(J42=3, I42>8.6), AND(J42=5, I42>14.1)), 1, 0)) -> 0 | M42: 46.2
A43: 46079 | B43: 0.40277778 | C43: 2號水槽 | D43: P-07 | E43: 202511017 | F43: 83.7 | G43: 81.2 | H43: 23 | I43: 8.05 | J43: =VLOOKUP(D43, [1]設備資料!$A:$E, 5, 0) -> 3 | K43: =IF(I43="", 0, IF(OR(I43=0, AND(J43=2, I43>6.6), AND(J43=3, I43>8.6), AND(J43=5, I43>14.1)), 1, 0)) -> 0 | M43: 46.2
A44: 46079 | B44: 0.40277778 | C44: 2號水槽 | D44: P-11 | E44: 202511005 | F44: 104.7 | G44: 100 | H44: 23 | I44: 13.62 | J44: =VLOOKUP(D44, [1]設備資料!$A:$E, 5, 0) -> 5 | K44: =IF(I44="", 0, IF(OR(I44=0, AND(J44=2, I44>6.6), AND(J44=3, I44>8.6), AND(J44=5, I44>14.1)), 1, 0)) -> 0 | M44: 46.2
A45: 46079 | B45: 0.40277778 | C45: 2號水槽 | D45: P-12 | E45: NA | F45: 108.4 | G45: 100.5 | H45: 23 | I45: 13.71 | J45: =VLOOKUP(D45, [1]設備資料!$A:$E, 5, 0) -> 5 | K45: =IF(I45="", 0, IF(OR(I45=0, AND(J45=2, I45>6.6), AND(J45=3, I45>8.6), AND(J45=5, I45>14.1)), 1, 0)) -> 0 | M45: 46.2
A46: 46083 | B46: 0.39583333 | C46: 1號水槽 | D46: P-01 | E46: 202510001 | F46: 81.1 | H46: 25 | J46: =VLOOKUP(D46, [1]設備資料!$A:$E, 5, 0) -> 2 | K46: =IF(I46="", 0, IF(OR(I46=0, AND(J46=2, I46>6.6), AND(J46=3, I46>8.6), AND(J46=5, I46>14.1)), 1, 0)) -> 0 | L46: 50.4
A47: 46083 | B47: 0.39583333 | C47: 1號水槽 | D47: P-02 | E47: 202510006 | F47: 76.5 | H47: 25 | J47: =VLOOKUP(D47, [1]設備資料!$A:$E, 5, 0) -> 2 | K47: =IF(I47="", 0, IF(OR(I47=0, AND(J47=2, I47>6.6), AND(J47=3, I47>8.6), AND(J47=5, I47>14.1)), 1, 0)) -> 0 | L47: 50.4
A48: 46083 | B48: 0.39583333 | C48: 1號水槽 | D48: P-05 | E48: 202511011 | F48: 86.9 | H48: 25 | J48: =VLOOKUP(D48, [1]設備資料!$A:$E, 5, 0) -> 3 | K48: =IF(I48="", 0, IF(OR(I48=0, AND(J48=2, I48>6.6), AND(J48=3, I48>8.6), AND(J48=5, I48>14.1)), 1, 0)) -> 0 | L48: 50.4
A49: 46083 | B49: 0.39583333 | C49: 1號水槽 | D49: P-06 | E49: 202511012 | F49: 85.8 | H49: 25 | J49: =VLOOKUP(D49, [1]設備資料!$A:$E, 5, 0) -> 3 | K49: =IF(I49="", 0, IF(OR(I49=0, AND(J49=2, I49>6.6), AND(J49=3, I49>8.6), AND(J49=5, I49>14.1)), 1, 0)) -> 0 | L49: 50.4
A50: 46083 | B50: 0.39583333 | C50: 1號水槽 | D50: P-09 | E50: 202511001 | F50: 107.3 | H50: 25 | J50: =VLOOKUP(D50, [1]設備資料!$A:$E, 5, 0) -> 5 | K50: =IF(I50="", 0, IF(OR(I50=0, AND(J50=2, I50>6.6), AND(J50=3, I50>8.6), AND(J50=5, I50>14.1)), 1, 0)) -> 0 | L50: 50.4
A51: 46083 | B51: 0.39583333 | C51: 1號水槽 | D51: P-10 | E51: 202511002 | F51: 103.8 | H51: 25 | J51: =VLOOKUP(D51, [1]設備資料!$A:$E, 5, 0) -> 5 | K51: =IF(I51="", 0, IF(OR(I51=0, AND(J51=2, I51>6.6), AND(J51=3, I51>8.6), AND(J51=5, I51>14.1)), 1, 0)) -> 0 | L51: 50.4
A52: 46083 | B52: 0.40277778 | C52: 2號水槽 | D52: P-03 | E52: 202510024 | F52: 81 | H52: 25 | J52: =VLOOKUP(D52, [1]設備資料!$A:$E, 5, 0) -> 2 | K52: =IF(I52="", 0, IF(OR(I52=0, AND(J52=2, I52>6.6), AND(J52=3, I52>8.6), AND(J52=5, I52>14.1)), 1, 0)) -> 0 | M52: 49.6
A53: 46083 | B53: 0.40277778 | C53: 2號水槽 | D53: P-04 | E53: 202510026 | F53: 84.2 | H53: 25 | J53: =VLOOKUP(D53, [1]設備資料!$A:$E, 5, 0) -> 2 | K53: =IF(I53="", 0, IF(OR(I53=0, AND(J53=2, I53>6.6), AND(J53=3, I53>8.6), AND(J53=5, I53>14.1)), 1, 0)) -> 0 | M53: 49.6
A54: 46083 | B54: 0.40277778 | C54: 2號水槽 | D54: P-07 | E54: 202511017 | F54: 87.2 | H54: 25 | J54: =VLOOKUP(D54, [1]設備資料!$A:$E, 5, 0) -> 3 | K54: =IF(I54="", 0, IF(OR(I54=0, AND(J54=2, I54>6.6), AND(J54=3, I54>8.6), AND(J54=5, I54>14.1)), 1, 0)) -> 0 | M54: 49.6
A55: 46083 | B55: 0.40277778 | C55: 2號水槽 | D55: P-11 | E55: 202511005 | F55: 109.2 | H55: 25 | J55: =VLOOKUP(D55, [1]設備資料!$A:$E, 5, 0) -> 5 | K55: =IF(I55="", 0, IF(OR(I55=0, AND(J55=2, I55>6.6), AND(J55=3, I55>8.6), AND(J55=5, I55>14.1)), 1, 0)) -> 0 | M55: 49.6
A56: 46083 | B56: 0.40277778 | C56: 2號水槽 | D56: P-12 | E56: NA | F56: 110.4 | H56: 25 | J56: =VLOOKUP(D56, [1]設備資料!$A:$E, 5, 0) -> 5 | K56: =IF(I56="", 0, IF(OR(I56=0, AND(J56=2, I56>6.6), AND(J56=3, I56>8.6), AND(J56=5, I56>14.1)), 1, 0)) -> 0 | M56: 49.6
A57: 46083 | B57: 0.6875 | C57: 1號水槽 | D57: P-01 | E57: 202510001 | F57: 79.7 | H57: 27 | J57: =VLOOKUP(D57, [1]設備資料!$A:$E, 5, 0) -> 2 | K57: =IF(I57="", 0, IF(OR(I57=0, AND(J57=2, I57>6.6), AND(J57=3, I57>8.6), AND(J57=5, I57>14.1)), 1, 0)) -> 0 | L57: 48.9
A58: 46083 | B58: 0.6875 | C58: 1號水槽 | D58: P-02 | E58: 202510006 | F58: 75.1 | H58: 27 | J58: =VLOOKUP(D58, [1]設備資料!$A:$E, 5, 0) -> 2 | K58: =IF(I58="", 0, IF(OR(I58=0, AND(J58=2, I58>6.6), AND(J58=3, I58>8.6), AND(J58=5, I58>14.1)), 1, 0)) -> 0 | L58: 48.9
A59: 46083 | B59: 0.6875 | C59: 1號水槽 | D59: P-05 | E59: 202511011 | F59: 85.6 | H59: 27 | J59: =VLOOKUP(D59, [1]設備資料!$A:$E, 5, 0) -> 3 | K59: =IF(I59="", 0, IF(OR(I59=0, AND(J59=2, I59>6.6), AND(J59=3, I59>8.6), AND(J59=5, I59>14.1)), 1, 0)) -> 0 | L59: 48.9
A60: 46083 | B60: 0.6875 | C60: 1號水槽 | D60: P-06 | E60: 202511012 | F60: 84.5 | H60: 27 | J60: =VLOOKUP(D60, [1]設備資料!$A:$E, 5, 0) -> 3 | K60: =IF(I60="", 0, IF(OR(I60=0, AND(J60=2, I60>6.6), AND(J60=3, I60>8.6), AND(J60=5, I60>14.1)), 1, 0)) -> 0 | L60: 48.9
A61: 46083 | B61: 0.6875 | C61: 1號水槽 | D61: P-09 | E61: 202511001 | F61: 106.6 | H61: 27 | J61: =VLOOKUP(D61, [1]設備資料!$A:$E, 5, 0) -> 5 | K61: =IF(I61="", 0, IF(OR(I61=0, AND(J61=2, I61>6.6), AND(J61=3, I61>8.6), AND(J61=5, I61>14.1)), 1, 0)) -> 0 | L61: 48.9
A62: 46083 | B62: 0.6875 | C62: 1號水槽 | D62: P-10 | E62: 202511002 | F62: 102.4 | H62: 27 | J62: =VLOOKUP(D62, [1]設備資料!$A:$E, 5, 0) -> 5 | K62: =IF(I62="", 0, IF(OR(I62=0, AND(J62=2, I62>6.6), AND(J62=3, I62>8.6), AND(J62=5, I62>14.1)), 1, 0)) -> 0 | L62: 48.9
A63: 46083 | B63: 0.69444444 | C63: 2號水槽 | D63: P-03 | E63: 202510024 | F63: 79.4 | H63: 27 | J63: =VLOOKUP(D63, [1]設備資料!$A:$E, 5, 0) -> 2 | K63: =IF(I63="", 0, IF(OR(I63=0, AND(J63=2, I63>6.6), AND(J63=3, I63>8.6), AND(J63=5, I63>14.1)), 1, 0)) -> 0 | M63: 48.1
A64: 46083 | B64: 0.69444444 | C64: 2號水槽 | D64: P-04 | E64: 202510026 | F64: 83 | H64: 27 | J64: =VLOOKUP(D64, [1]設備資料!$A:$E, 5, 0) -> 2 | K64: =IF(I64="", 0, IF(OR(I64=0, AND(J64=2, I64>6.6), AND(J64=3, I64>8.6), AND(J64=5, I64>14.1)), 1, 0)) -> 0 | M64: 48.1
A65: 46083 | B65: 0.69444444 | C65: 2號水槽 | D65: P-07 | E65: 202511017 | F65: 85.3 | H65: 27 | J65: =VLOOKUP(D65, [1]設備資料!$A:$E, 5, 0) -> 3 | K65: =IF(I65="", 0, IF(OR(I65=0, AND(J65=2, I65>6.6), AND(J65=3, I65>8.6), AND(J65=5, I65>14.1)), 1, 0)) -> 0 | M65: 48.1
A66: 46083 | B66: 0.69444444 | C66: 2號水槽 | D66: P-11 | E66: 202511005 | F66: 107.1 | H66: 27 | J66: =VLOOKUP(D66, [1]設備資料!$A:$E, 5, 0) -> 5 | K66: =IF(I66="", 0, IF(OR(I66=0, AND(J66=2, I66>6.6), AND(J66=3, I66>8.6), AND(J66=5, I66>14.1)), 1, 0)) -> 0 | M66: 48.1
A67: 46083 | B67: 0.69444444 | C67: 2號水槽 | D67: P-12 | E67: NA | F67: 109 | H67: 27 | J67: =VLOOKUP(D67, [1]設備資料!$A:$E, 5, 0) -> 5 | K67: =IF(I67="", 0, IF(OR(I67=0, AND(J67=2, I67>6.6), AND(J67=3, I67>8.6), AND(J67=5, I67>14.1)), 1, 0)) -> 0 | M67: 48.1
A68: 46084 | B68: 0.39583333 | C68: 1號水槽 | D68: P-01 | E68: 202510001 | F68: 81.1 | H68: 22 | J68: =VLOOKUP(D68, [1]設備資料!$A:$E, 5, 0) -> 2 | K68: =IF(I68="", 0, IF(OR(I68=0, AND(J68=2, I68>6.6), AND(J68=3, I68>8.6), AND(J68=5, I68>14.1)), 1, 0)) -> 0 | L68: 50.4
A69: 46084 | B69: 0.39583333 | C69: 1號水槽 | D69: P-02 | E69: 202510006 | F69: 76.5 | H69: 22 | J69: =VLOOKUP(D69, [1]設備資料!$A:$E, 5, 0) -> 2 | K69: =IF(I69="", 0, IF(OR(I69=0, AND(J69=2, I69>6.6), AND(J69=3, I69>8.6), AND(J69=5, I69>14.1)), 1, 0)) -> 0 | L69: 50.4
A70: 46084 | B70: 0.39583333 | C70: 1號水槽 | D70: P-05 | E70: 202511011 | F70: 86.9 | H70: 22 | J70: =VLOOKUP(D70, [1]設備資料!$A:$E, 5, 0) -> 3 | K70: =IF(I70="", 0, IF(OR(I70=0, AND(J70=2, I70>6.6), AND(J70=3, I70>8.6), AND(J70=5, I70>14.1)), 1, 0)) -> 0 | L70: 50.4
A71: 46084 | B71: 0.39583333 | C71: 1號水槽 | D71: P-06 | E71: 202511012 | F71: 85.8 | H71: 22 | J71: =VLOOKUP(D71, [1]設備資料!$A:$E, 5, 0) -> 3 | K71: =IF(I71="", 0, IF(OR(I71=0, AND(J71=2, I71>6.6), AND(J71=3, I71>8.6), AND(J71=5, I71>14.1)), 1, 0)) -> 0 | L71: 50.4
A72: 46084 | B72: 0.39583333 | C72: 1號水槽 | D72: P-09 | E72: 202511001 | F72: 107.8 | H72: 22 | J72: =VLOOKUP(D72, [1]設備資料!$A:$E, 5, 0) -> 5 | K72: =IF(I72="", 0, IF(OR(I72=0, AND(J72=2, I72>6.6), AND(J72=3, I72>8.6), AND(J72=5, I72>14.1)), 1, 0)) -> 0 | L72: 50.4
A73: 46084 | B73: 0.39583333 | C73: 1號水槽 | D73: P-10 | E73: 202511002 | F73: 103.8 | H73: 22 | J73: =VLOOKUP(D73, [1]設備資料!$A:$E, 5, 0) -> 5 | K73: =IF(I73="", 0, IF(OR(I73=0, AND(J73=2, I73>6.6), AND(J73=3, I73>8.6), AND(J73=5, I73>14.1)), 1, 0)) -> 0 | L73: 50.4
A74: 46084 | B74: 0.40277778 | C74: 2號水槽 | D74: P-03 | E74: 202510024 | F74: 81 | H74: 22 | J74: =VLOOKUP(D74, [1]設備資料!$A:$E, 5, 0) -> 2 | K74: =IF(I74="", 0, IF(OR(I74=0, AND(J74=2, I74>6.6), AND(J74=3, I74>8.6), AND(J74=5, I74>14.1)), 1, 0)) -> 0 | M74: 49.6
A75: 46084 | B75: 0.40277778 | C75: 2號水槽 | D75: P-04 | E75: 202510026 | F75: 84.2 | H75: 22 | J75: =VLOOKUP(D75, [1]設備資料!$A:$E, 5, 0) -> 2 | K75: =IF(I75="", 0, IF(OR(I75=0, AND(J75=2, I75>6.6), AND(J75=3, I75>8.6), AND(J75=5, I75>14.1)), 1, 0)) -> 0 | M75: 49.6
A76: 46084 | B76: 0.40277778 | C76: 2號水槽 | D76: P-07 | E76: 202511017 | F76: 87.2 | H76: 22 | J76: =VLOOKUP(D76, [1]設備資料!$A:$E, 5, 0) -> 3 | K76: =IF(I76="", 0, IF(OR(I76=0, AND(J76=2, I76>6.6), AND(J76=3, I76>8.6), AND(J76=5, I76>14.1)), 1, 0)) -> 0 | M76: 49.6
A77: 46084 | B77: 0.40277778 | C77: 2號水槽 | D77: P-11 | E77: 202511005 | F77: 109.2 | H77: 22 | J77: =VLOOKUP(D77, [1]設備資料!$A:$E, 5, 0) -> 5 | K77: =IF(I77="", 0, IF(OR(I77=0, AND(J77=2, I77>6.6), AND(J77=3, I77>8.6), AND(J77=5, I77>14.1)), 1, 0)) -> 0 | M77: 49.6
A78: 46084 | B78: 0.40277778 | C78: 2號水槽 | D78: P-12 | E78: NA | F78: 110.4 | H78: 22 | J78: =VLOOKUP(D78, [1]設備資料!$A:$E, 5, 0) -> 5 | K78: =IF(I78="", 0, IF(OR(I78=0, AND(J78=2, I78>6.6), AND(J78=3, I78>8.6), AND(J78=5, I78>14.1)), 1, 0)) -> 0 | M78: 49.6
A79: 46084 | B79: 0.6875 | C79: 1號水槽 | D79: P-01 | E79: 202510001 | F79: 79.7 | H79: 23 | J79: =VLOOKUP(D79, [1]設備資料!$A:$E, 5, 0) -> 2 | K79: =IF(I79="", 0, IF(OR(I79=0, AND(J79=2, I79>6.6), AND(J79=3, I79>8.6), AND(J79=5, I79>14.1)), 1, 0)) -> 0 | L79: 48.9
A80: 46084 | B80: 0.6875 | C80: 1號水槽 | D80: P-02 | E80: 202510006 | F80: 75.1 | H80: 23 | J80: =VLOOKUP(D80, [1]設備資料!$A:$E, 5, 0) -> 2 | K80: =IF(I80="", 0, IF(OR(I80=0, AND(J80=2, I80>6.6), AND(J80=3, I80>8.6), AND(J80=5, I80>14.1)), 1, 0)) -> 0 | L80: 48.9
A81: 46084 | B81: 0.6875 | C81: 1號水槽 | D81: P-05 | E81: 202511011 | F81: 85.6 | H81: 23 | J81: =VLOOKUP(D81, [1]設備資料!$A:$E, 5, 0) -> 3 | K81: =IF(I81="", 0, IF(OR(I81=0, AND(J81=2, I81>6.6), AND(J81=3, I81>8.6), AND(J81=5, I81>14.1)), 1, 0)) -> 0 | L81: 48.9
A82: 46084 | B82: 0.6875 | C82: 1號水槽 | D82: P-06 | E82: 202511012 | F82: 84.5 | H82: 23 | J82: =VLOOKUP(D82, [1]設備資料!$A:$E, 5, 0) -> 3 | K82: =IF(I82="", 0, IF(OR(I82=0, AND(J82=2, I82>6.6), AND(J82=3, I82>8.6), AND(J82=5, I82>14.1)), 1, 0)) -> 0 | L82: 48.9
A83: 46084 | B83: 0.6875 | C83: 1號水槽 | D83: P-09 | E83: 202511001 | F83: 106.6 | H83: 23 | J83: =VLOOKUP(D83, [1]設備資料!$A:$E, 5, 0) -> 5 | K83: =IF(I83="", 0, IF(OR(I83=0, AND(J83=2, I83>6.6), AND(J83=3, I83>8.6), AND(J83=5, I83>14.1)), 1, 0)) -> 0 | L83: 48.9
A84: 46084 | B84: 0.6875 | C84: 1號水槽 | D84: P-10 | E84: 202511002 | F84: 102.4 | H84: 23 | J84: =VLOOKUP(D84, [1]設備資料!$A:$E, 5, 0) -> 5 | K84: =IF(I84="", 0, IF(OR(I84=0, AND(J84=2, I84>6.6), AND(J84=3, I84>8.6), AND(J84=5, I84>14.1)), 1, 0)) -> 0 | L84: 48.9
A85: 46084 | B85: 0.69444444 | C85: 2號水槽 | D85: P-03 | E85: 202510024 | F85: 79.5 | H85: 23 | J85: =VLOOKUP(D85, [1]設備資料!$A:$E, 5, 0) -> 2 | K85: =IF(I85="", 0, IF(OR(I85=0, AND(J85=2, I85>6.6), AND(J85=3, I85>8.6), AND(J85=5, I85>14.1)), 1, 0)) -> 0 | M85: 48.1
A86: 46084 | B86: 0.69444444 | C86: 2號水槽 | D86: P-04 | E86: 202510026 | F86: 83 | H86: 23 | J86: =VLOOKUP(D86, [1]設備資料!$A:$E, 5, 0) -> 2 | K86: =IF(I86="", 0, IF(OR(I86=0, AND(J86=2, I86>6.6), AND(J86=3, I86>8.6), AND(J86=5, I86>14.1)), 1, 0)) -> 0 | M86: 48.1
A87: 46084 | B87: 0.69444444 | C87: 2號水槽 | D87: P-07 | E87: 202511017 | F87: 85.3 | H87: 23 | J87: =VLOOKUP(D87, [1]設備資料!$A:$E, 5, 0) -> 3 | K87: =IF(I87="", 0, IF(OR(I87=0, AND(J87=2, I87>6.6), AND(J87=3, I87>8.6), AND(J87=5, I87>14.1)), 1, 0)) -> 0 | M87: 48.1
A88: 46084 | B88: 0.69444444 | C88: 2號水槽 | D88: P-11 | E88: 202511005 | F88: 107.1 | H88: 23 | J88: =VLOOKUP(D88, [1]設備資料!$A:$E, 5, 0) -> 5 | K88: =IF(I88="", 0, IF(OR(I88=0, AND(J88=2, I88>6.6), AND(J88=3, I88>8.6), AND(J88=5, I88>14.1)), 1, 0)) -> 0 | M88: 48.1
A89: 46084 | B89: 0.69444444 | C89: 2號水槽 | D89: P-12 | E89: NA | F89: 109 | H89: 23 | J89: =VLOOKUP(D89, [1]設備資料!$A:$E, 5, 0) -> 5 | K89: =IF(I89="", 0, IF(OR(I89=0, AND(J89=2, I89>6.6), AND(J89=3, I89>8.6), AND(J89=5, I89>14.1)), 1, 0)) -> 0 | M89: 48.1
A90: 46085 | B90: 0.39583333 | C90: 1號水槽 | D90: P-01 | E90: 202510001 | F90: 77.1 | H90: 18 | I90: 6.21 | J90: =VLOOKUP(D90, [1]設備資料!$A:$E, 5, 0) -> 2 | K90: =IF(I90="", 0, IF(OR(I90=0, AND(J90=2, I90>6.6), AND(J90=3, I90>8.6), AND(J90=5, I90>14.1)), 1, 0)) -> 0 | L90: 46.4
A91: 46085 | B91: 0.39583333 | C91: 1號水槽 | D91: P-02 | E91: 202510006 | F91: 72.7 | H91: 18 | I91: 6.14 | J91: =VLOOKUP(D91, [1]設備資料!$A:$E, 5, 0) -> 2 | K91: =IF(I91="", 0, IF(OR(I91=0, AND(J91=2, I91>6.6), AND(J91=3, I91>8.6), AND(J91=5, I91>14.1)), 1, 0)) -> 0 | L91: 46.4
A92: 46085 | B92: 0.39583333 | C92: 1號水槽 | D92: P-05 | E92: 202511011 | F92: 83.9 | H92: 18 | I92: 7.81 | J92: =VLOOKUP(D92, [1]設備資料!$A:$E, 5, 0) -> 3 | K92: =IF(I92="", 0, IF(OR(I92=0, AND(J92=2, I92>6.6), AND(J92=3, I92>8.6), AND(J92=5, I92>14.1)), 1, 0)) -> 0 | L92: 46.4
A93: 46085 | B93: 0.39583333 | C93: 1號水槽 | D93: P-06 | E93: 202511012 | F93: 82.8 | H93: 18 | I93: 7.83 | J93: =VLOOKUP(D93, [1]設備資料!$A:$E, 5, 0) -> 3 | K93: =IF(I93="", 0, IF(OR(I93=0, AND(J93=2, I93>6.6), AND(J93=3, I93>8.6), AND(J93=5, I93>14.1)), 1, 0)) -> 0 | L93: 46.4
A94: 46085 | B94: 0.39583333 | C94: 1號水槽 | D94: P-09 | E94: 202511001 | F94: 104.4 | H94: 18 | I94: 13.84 | J94: =VLOOKUP(D94, [1]設備資料!$A:$E, 5, 0) -> 5 | K94: =IF(I94="", 0, IF(OR(I94=0, AND(J94=2, I94>6.6), AND(J94=3, I94>8.6), AND(J94=5, I94>14.1)), 1, 0)) -> 0 | L94: 46.4
A95: 46085 | B95: 0.39583333 | C95: 1號水槽 | D95: P-10 | E95: 202511002 | F95: 101.5 | H95: 18 | I95: 13.79 | J95: =VLOOKUP(D95, [1]設備資料!$A:$E, 5, 0) -> 5 | K95: =IF(I95="", 0, IF(OR(I95=0, AND(J95=2, I95>6.6), AND(J95=3, I95>8.6), AND(J95=5, I95>14.1)), 1, 0)) -> 0 | L95: 46.4
A96: 46085 | B96: 0.40277778 | C96: 2號水槽 | D96: P-03 | E96: 202510024 | F96: 77.1 | H96: 18 | I96: 6.32 | J96: =VLOOKUP(D96, [1]設備資料!$A:$E, 5, 0) -> 2 | K96: =IF(I96="", 0, IF(OR(I96=0, AND(J96=2, I96>6.6), AND(J96=3, I96>8.6), AND(J96=5, I96>14.1)), 1, 0)) -> 0 | M96: 45.6
A97: 46085 | B97: 0.40277778 | C97: 2號水槽 | D97: P-04 | E97: 202510026 | F97: 81 | H97: 18 | I97: 6.27 | J97: =VLOOKUP(D97, [1]設備資料!$A:$E, 5, 0) -> 2 | K97: =IF(I97="", 0, IF(OR(I97=0, AND(J97=2, I97>6.6), AND(J97=3, I97>8.6), AND(J97=5, I97>14.1)), 1, 0)) -> 0 | M97: 45.6
A98: 46085 | B98: 0.40277778 | C98: 2號水槽 | D98: P-07 | E98: 202511017 | F98: 83.3 | H98: 18 | I98: 7.82 | J98: =VLOOKUP(D98, [1]設備資料!$A:$E, 5, 0) -> 3 | K98: =IF(I98="", 0, IF(OR(I98=0, AND(J98=2, I98>6.6), AND(J98=3, I98>8.6), AND(J98=5, I98>14.1)), 1, 0)) -> 0 | M98: 45.6
A99: 46085 | B99: 0.40277778 | C99: 2號水槽 | D99: P-11 | E99: 202511005 | F99: 103.9 | H99: 18 | I99: 13.81 | J99: =VLOOKUP(D99, [1]設備資料!$A:$E, 5, 0) -> 5 | K99: =IF(I99="", 0, IF(OR(I99=0, AND(J99=2, I99>6.6), AND(J99=3, I99>8.6), AND(J99=5, I99>14.1)), 1, 0)) -> 0 | M99: 45.6
A100: 46085 | B100: 0.40277778 | C100: 2號水槽 | D100: P-12 | E100: NA | F100: 105.8 | H100: 18 | I100: 13.88 | J100: =VLOOKUP(D100, [1]設備資料!$A:$E, 5, 0) -> 5 | K100: =IF(I100="", 0, IF(OR(I100=0, AND(J100=2, I100>6.6), AND(J100=3, I100>8.6), AND(J100=5, I100>14.1)), 1, 0)) -> 0 | M100: 45.6
...
