Workbook

Sheet 監測總表
A1: 日期 | B1: 時間 | C1: 測試槽 | D1: 泵浦編號 | E1: 序號 | F1: 定子溫度 A | G1: 定子溫度 B | H1: 環境溫度 | I1: 運轉電流 (A) | J1: 泵浦 HP | K1: Alarm | L1: 1號水槽水溫度 | M1: 2號水槽水溫度 | N1: 運行狀態 | O1: 備註
A2: 46057 | B2: 0.44444444 | C2: 2號水槽 | D2: P-03 | E2: 202510024 | F2: 18 | G2: 18.1 | H2: 22 | J2: =VLOOKUP(D2, [1]設備資料!$A:$E, 5, 0) -> 2 | K2: =IF(I2="", 0, IF(OR(I2=0, AND(J2=2, I2>6.6), AND(J2=3, I2>8.6), AND(J2=5, I2>14.1)), 1, 0)) -> 0 | M2: 18.2 | N2: 待機 | O2: 測試開始前
A3: 46057 | B3: 0.44444444 | C3: 2號水槽 | D3: P-04 | E3: 202510026 | F3: 18.1 | G3: -- | H3: 22 | J3: =VLOOKUP(D3, [1]設備資料!$A:$E, 5, 0) -> 2 | K3: =IF(I3="", 0, IF(OR(I3=0, AND(J3=2, I3>6.6), AND(J3=3, I3>8.6), AND(J3=5, I3>14.1)), 1, 0)) -> 0 | M3: 18.2 | N3: 待機 | O3: 測試開始前
A4: 46057 | B4: 0.44444444 | C4: 2號水槽 | D4: P-07 | E4: 202511017 | F4: 18.1 | G4: 18.2 | H4: 22 | J4: =VLOOKUP(D4, [1]設備資料!$A:$E, 5, 0) -> 3 | K4: =IF(I4="", 0, IF(OR(I4=0, AND(J4=2, I4>6.6), AND(J4=3, I4>8.6), AND(J4=5, I4>14.1)), 1, 0)) -> 0 | M4: 18.2 | N4: 待機 | O4: 測試開始前
A5: 46057 | B5: 0.44444444 | C5: 2號水槽 | D5: P-11 | E5: 202511005 | F5: 18.3 | G5: 18.3 | H5: 22 | J5: =VLOOKUP(D5, [1]設備資料!$A:$E, 5, 0) -> 5 | K5: =IF(I5="", 0, IF(OR(I5=0, AND(J5=2, I5>6.6), AND(J5=3, I5>8.6), AND(J5=5, I5>14.1)), 1, 0)) -> 0 | M5: 18.2 | N5: 待機 | O5: 測試開始前
A6: 46057 | B6: 0.44444444 | C6: 2號水槽 | D6: P-12 | E6: NA | F6: 18.3 | G6: 18.3 | H6: 22 | J6: =VLOOKUP(D6, [1]設備資料!$A:$E, 5, 0) -> 5 | K6: =IF(I6="", 0, IF(OR(I6=0, AND(J6=2, I6>6.6), AND(J6=3, I6>8.6), AND(J6=5, I6>14.1)), 1, 0)) -> 0 | M6: 18.2 | N6: 待機 | O6: 測試開始前
A7: 46057 | B7: 0.44444444 | C7: 2號水槽 | D7: P-03 | E7: 202510024 | F7: 39.5 | G7: 40 | H7: 22 | I7: 6.61 | J7: =VLOOKUP(D7, [1]設備資料!$A:$E, 5, 0) -> 2 | K7: =IF(I7="", 0, IF(OR(I7=0, AND(J7=2, I7>6.6), AND(J7=3, I7>8.6), AND(J7=5, I7>14.1)), 1, 0)) -> 1 | M7: 18.4 | N7: 啟動中 | O7: 安裝首日-第0時-啟動電流: 14.1A
A8: 46057 | B8: 0.44513889 | C8: 2號水槽 | D8: P-04 | E8: 202510026 | F8: 43.1 | G8: -- | H8: 22 | I8: 6.59 | J8: =VLOOKUP(D8, [1]設備資料!$A:$E, 5, 0) -> 2 | K8: =IF(I8="", 0, IF(OR(I8=0, AND(J8=2, I8>6.6), AND(J8=3, I8>8.6), AND(J8=5, I8>14.1)), 1, 0)) -> 0 | M8: 18.4 | N8: 啟動中 | O8: 安裝首日-第0時-啟動電流: 11.7A
A9: 46057 | B9: 0.44583333 | C9: 2號水槽 | D9: P-07 | E9: 202511017 | F9: 38.3 | G9: 38.3 | H9: 22 | I9: 8.16 | J9: =VLOOKUP(D9, [1]設備資料!$A:$E, 5, 0) -> 3 | K9: =IF(I9="", 0, IF(OR(I9=0, AND(J9=2, I9>6.6), AND(J9=3, I9>8.6), AND(J9=5, I9>14.1)), 1, 0)) -> 0 | M9: 18.4 | N9: 啟動中 | O9: 安裝首日-第0時-啟動電流: 10.1A
A10: 46057 | B10: 0.44722222 | C10: 2號水槽 | D10: P-11 | E10: 202511005 | F10: 38.4 | G10: 36.2 | H10: 22 | I10: 13.39 | J10: =VLOOKUP(D10, [1]設備資料!$A:$E, 5, 0) -> 5 | K10: =IF(I10="", 0, IF(OR(I10=0, AND(J10=2, I10>6.6), AND(J10=3, I10>8.6), AND(J10=5, I10>14.1)), 1, 0)) -> 0 | M10: 18.4 | N10: 啟動中 | O10: 安裝首日-第0時-啟動電流: 14.4A
A11: 46057 | B11: 0.44791667 | C11: 2號水槽 | D11: P-12 | E11: NA | F11: 32.3 | G11: 31.4 | H11: 22 | I11: 14.1 | J11: =VLOOKUP(D11, [1]設備資料!$A:$E, 5, 0) -> 5 | K11: =IF(I11="", 0, IF(OR(I11=0, AND(J11=2, I11>6.6), AND(J11=3, I11>8.6), AND(J11=5, I11>14.1)), 1, 0)) -> 0 | M11: 18.4 | N11: 啟動中 | O11: 安裝首日-第0時-啟動電流: 26.2A
A12: 46057 | B12: 0.45833333 | C12: 1號水槽 | D12: P-01 | E12: 202510001 | F12: 51.5 | G12: 51.7 | H12: 26 | I12: 6.43 | J12: =VLOOKUP(D12, [1]設備資料!$A:$E, 5, 0) -> 2 | K12: =IF(I12="", 0, IF(OR(I12=0, AND(J12=2, I12>6.6), AND(J12=3, I12>8.6), AND(J12=5, I12>14.1)), 1, 0)) -> 0 | L12: 27.3 | N12: 正常 | O12: 安裝首日-第2時
A13: 46057 | B13: 0.45902778 | C13: 1號水槽 | D13: P-02 | E13: 202510006 | F13: 48 | G13: -- | H13: 26 | I13: 6.54 | J13: =VLOOKUP(D13, [1]設備資料!$A:$E, 5, 0) -> 2 | K13: =IF(I13="", 0, IF(OR(I13=0, AND(J13=2, I13>6.6), AND(J13=3, I13>8.6), AND(J13=5, I13>14.1)), 1, 0)) -> 0 | L13: 27.3 | N13: 正常 | O13: 安裝首日-第2時
A14: 46057 | B14: 0.45972222 | C14: 1號水槽 | D14: P-05 | E14: 202511011 | F14: 56.4 | G14: 57.1 | H14: 26 | I14: 7.89 | J14: =VLOOKUP(D14, [1]設備資料!$A:$E, 5, 0) -> 3 | K14: =IF(I14="", 0, IF(OR(I14=0, AND(J14=2, I14>6.6), AND(J14=3, I14>8.6), AND(J14=5, I14>14.1)), 1, 0)) -> 0 | L14: 27.3 | N14: 正常 | O14: 安裝首日-第2時
A15: 46057 | B15: 0.46041667 | C15: 1號水槽 | D15: P-06 | E15: 202511012 | F15: 57.1 | G15: -- | H15: 26 | I15: 7.85 | J15: =VLOOKUP(D15, [1]設備資料!$A:$E, 5, 0) -> 3 | K15: =IF(I15="", 0, IF(OR(I15=0, AND(J15=2, I15>6.6), AND(J15=3, I15>8.6), AND(J15=5, I15>14.1)), 1, 0)) -> 0 | L15: 27.3 | N15: 正常 | O15: 安裝首日-第2時
A16: 46057 | B16: 0.46111111 | C16: 1號水槽 | D16: P-09 | E16: 202511001 | F16: 72 | G16: 73.1 | H16: 26 | I16: 13.35 | J16: =VLOOKUP(D16, [1]設備資料!$A:$E, 5, 0) -> 5 | K16: =IF(I16="", 0, IF(OR(I16=0, AND(J16=2, I16>6.6), AND(J16=3, I16>8.6), AND(J16=5, I16>14.1)), 1, 0)) -> 0 | L16: 27.3 | N16: 正常 | O16: 安裝首日-第2時
A17: 46057 | B17: 0.46180556 | C17: 1號水槽 | D17: P-10 | E17: 202511002 | F17: 72.2 | G17: 71.2 | H17: 26 | I17: 13.15 | J17: =VLOOKUP(D17, [1]設備資料!$A:$E, 5, 0) -> 5 | K17: =IF(I17="", 0, IF(OR(I17=0, AND(J17=2, I17>6.6), AND(J17=3, I17>8.6), AND(J17=5, I17>14.1)), 1, 0)) -> 0 | L17: 27.3 | N17: 正常 | O17: 安裝首日-第2時
A18: 46057 | B18: 0.48611111 | C18: 2號水槽 | D18: P-03 | E18: 202510024 | F18: 51.3 | G18: 51.2 | H18: 26 | I18: 6.28 | J18: =VLOOKUP(D18, [1]設備資料!$A:$E, 5, 0) -> 2 | K18: =IF(I18="", 0, IF(OR(I18=0, AND(J18=2, I18>6.6), AND(J18=3, I18>8.6), AND(J18=5, I18>14.1)), 1, 0)) -> 0 | M18: 26 | N18: 運行中 | O18: 安裝首日-第1時
A19: 46057 | B19: 0.48680556 | C19: 2號水槽 | D19: P-04 | E19: 202510026 | F19: 54.5 | G19: -- | H19: 26 | I19: 6.32 | J19: =VLOOKUP(D19, [1]設備資料!$A:$E, 5, 0) -> 2 | K19: =IF(I19="", 0, IF(OR(I19=0, AND(J19=2, I19>6.6), AND(J19=3, I19>8.6), AND(J19=5, I19>14.1)), 1, 0)) -> 0 | M19: 26 | N19: 運行中 | O19: 安裝首日-第1時
A20: 46057 | B20: 0.4875 | C20: 2號水槽 | D20: P-07 | E20: 202511017 | F20: 57.1 | G20: 57.8 | H20: 26 | I20: 7.76 | J20: =VLOOKUP(D20, [1]設備資料!$A:$E, 5, 0) -> 3 | K20: =IF(I20="", 0, IF(OR(I20=0, AND(J20=2, I20>6.6), AND(J20=3, I20>8.6), AND(J20=5, I20>14.1)), 1, 0)) -> 0 | M20: 26 | N20: 運行中 | O20: 安裝首日-第1時
A21: 46057 | B21: 0.48888889 | C21: 2號水槽 | D21: P-11 | E21: 202511005 | F21: 72.4 | G21: 68.6 | H21: 26 | I21: 13.05 | J21: =VLOOKUP(D21, [1]設備資料!$A:$E, 5, 0) -> 5 | K21: =IF(I21="", 0, IF(OR(I21=0, AND(J21=2, I21>6.6), AND(J21=3, I21>8.6), AND(J21=5, I21>14.1)), 1, 0)) -> 0 | M21: 26 | N21: 運行中 | O21: 安裝首日-第1時
A22: 46057 | B22: 0.48958333 | C22: 2號水槽 | D22: P-12 | E22: NA | F22: 74.2 | G22: 70 | H22: 26 | I22: 13.57 | J22: =VLOOKUP(D22, [1]設備資料!$A:$E, 5, 0) -> 5 | K22: =IF(I22="", 0, IF(OR(I22=0, AND(J22=2, I22>6.6), AND(J22=3, I22>8.6), AND(J22=5, I22>14.1)), 1, 0)) -> 0 | M22: 26 | N22: 運行中 | O22: 安裝首日-第1時
A23: 46057 | B23: 0.5 | C23: 1號水槽 | D23: P-01 | E23: 202510001 | F23: 55.3 | G23: 55.2 | H23: 26 | I23: 6.42 | J23: =VLOOKUP(D23, [1]設備資料!$A:$E, 5, 0) -> 2 | K23: =IF(I23="", 0, IF(OR(I23=0, AND(J23=2, I23>6.6), AND(J23=3, I23>8.6), AND(J23=5, I23>14.1)), 1, 0)) -> 0 | L23: 29.2 | N23: 正常 | O23: 安裝首日-第3時
A24: 46057 | B24: 0.50069444 | C24: 1號水槽 | D24: P-02 | E24: 202510006 | F24: 51.3 | G24: -- | H24: 26 | I24: 6.63 | J24: =VLOOKUP(D24, [1]設備資料!$A:$E, 5, 0) -> 2 | K24: =IF(I24="", 0, IF(OR(I24=0, AND(J24=2, I24>6.6), AND(J24=3, I24>8.6), AND(J24=5, I24>14.1)), 1, 0)) -> 1 | L24: 29.2 | N24: 正常 | O24: 安裝首日-第3時
A25: 46057 | B25: 0.50138889 | C25: 1號水槽 | D25: P-05 | E25: 202511011 | F25: 60.3 | G25: 61.1 | H25: 26 | I25: 7.72 | J25: =VLOOKUP(D25, [1]設備資料!$A:$E, 5, 0) -> 3 | K25: =IF(I25="", 0, IF(OR(I25=0, AND(J25=2, I25>6.6), AND(J25=3, I25>8.6), AND(J25=5, I25>14.1)), 1, 0)) -> 0 | L25: 29.2 | N25: 正常 | O25: 安裝首日-第3時
A26: 46057 | B26: 0.50208333 | C26: 1號水槽 | D26: P-06 | E26: 202511012 | F26: 60.4 | G26: -- | H26: 26 | I26: 7.73 | J26: =VLOOKUP(D26, [1]設備資料!$A:$E, 5, 0) -> 3 | K26: =IF(I26="", 0, IF(OR(I26=0, AND(J26=2, I26>6.6), AND(J26=3, I26>8.6), AND(J26=5, I26>14.1)), 1, 0)) -> 0 | L26: 29.2 | N26: 正常 | O26: 安裝首日-第3時
A27: 46057 | B27: 0.50277778 | C27: 1號水槽 | D27: P-09 | E27: 202511001 | F27: 75.5 | G27: 76.5 | H27: 26 | I27: 13.16 | J27: =VLOOKUP(D27, [1]設備資料!$A:$E, 5, 0) -> 5 | K27: =IF(I27="", 0, IF(OR(I27=0, AND(J27=2, I27>6.6), AND(J27=3, I27>8.6), AND(J27=5, I27>14.1)), 1, 0)) -> 0 | L27: 29.2 | N27: 正常 | O27: 安裝首日-第3時
A28: 46057 | B28: 0.50347222 | C28: 1號水槽 | D28: P-10 | E28: 202511002 | F28: 75.3 | G28: 74.2 | H28: 26 | I28: 13.79 | J28: =VLOOKUP(D28, [1]設備資料!$A:$E, 5, 0) -> 5 | K28: =IF(I28="", 0, IF(OR(I28=0, AND(J28=2, I28>6.6), AND(J28=3, I28>8.6), AND(J28=5, I28>14.1)), 1, 0)) -> 0 | L28: 29.2 | N28: 正常 | O28: 安裝首日-第3時
A29: 46057 | B29: 0.52777778 | C29: 2號水槽 | D29: P-03 | E29: 202510024 | F29: 54.6 | G29: 54.7 | H29: 26 | I29: 6.41 | J29: =VLOOKUP(D29, [1]設備資料!$A:$E, 5, 0) -> 2 | K29: =IF(I29="", 0, IF(OR(I29=0, AND(J29=2, I29>6.6), AND(J29=3, I29>8.6), AND(J29=5, I29>14.1)), 1, 0)) -> 0 | M29: 27.8 | N29: 正常 | O29: 安裝首日-第3時
A30: 46057 | B30: 0.52847222 | C30: 2號水槽 | D30: P-04 | E30: 202510026 | F30: 59.9 | G30: -- | H30: 26 | I30: 6.2 | J30: =VLOOKUP(D30, [1]設備資料!$A:$E, 5, 0) -> 2 | K30: =IF(I30="", 0, IF(OR(I30=0, AND(J30=2, I30>6.6), AND(J30=3, I30>8.6), AND(J30=5, I30>14.1)), 1, 0)) -> 0 | M30: 27.8 | N30: 正常 | O30: 安裝首日-第3時
A31: 46057 | B31: 0.52916667 | C31: 2號水槽 | D31: P-07 | E31: 202511017 | F31: 61.4 | G31: 61.8 | H31: 26 | I31: 7.77 | J31: =VLOOKUP(D31, [1]設備資料!$A:$E, 5, 0) -> 3 | K31: =IF(I31="", 0, IF(OR(I31=0, AND(J31=2, I31>6.6), AND(J31=3, I31>8.6), AND(J31=5, I31>14.1)), 1, 0)) -> 0 | M31: 27.8 | N31: 正常 | O31: 安裝首日-第3時
A32: 46057 | B32: 0.53055556 | C32: 2號水槽 | D32: P-11 | E32: 202511005 | F32: 76.4 | G32: 72 | H32: 26 | I32: 13.32 | J32: =VLOOKUP(D32, [1]設備資料!$A:$E, 5, 0) -> 5 | K32: =IF(I32="", 0, IF(OR(I32=0, AND(J32=2, I32>6.6), AND(J32=3, I32>8.6), AND(J32=5, I32>14.1)), 1, 0)) -> 0 | M32: 27.8 | N32: 正常 | O32: 安裝首日-第3時
A33: 46057 | B33: 0.53125 | C33: 2號水槽 | D33: P-12 | E33: NA | F33: 77 | G33: 72.4 | H33: 26 | I33: 13.16 | J33: =VLOOKUP(D33, [1]設備資料!$A:$E, 5, 0) -> 5 | K33: =IF(I33="", 0, IF(OR(I33=0, AND(J33=2, I33>6.6), AND(J33=3, I33>8.6), AND(J33=5, I33>14.1)), 1, 0)) -> 0 | M33: 27.8 | N33: 正常 | O33: 安裝首日-第3時
A34: 46057 | B34: 0.58333333 | C34: 1號水槽 | D34: P-01 | E34: 202510001 | F34: 56.8 | G34: 56.9 | H34: 28 | J34: =VLOOKUP(D34, [1]設備資料!$A:$E, 5, 0) -> 2 | K34: =IF(I34="", 0, IF(OR(I34=0, AND(J34=2, I34>6.6), AND(J34=3, I34>8.6), AND(J34=5, I34>14.1)), 1, 0)) -> 0 | L34: 27.3 | N34: 正常 | O34: 安裝首日-第5時
A35: 46057 | B35: 0.58333333 | C35: 1號水槽 | D35: P-02 | E35: 202510006 | F35: 53 | G35: -- | H35: 28 | J35: =VLOOKUP(D35, [1]設備資料!$A:$E, 5, 0) -> 2 | K35: =IF(I35="", 0, IF(OR(I35=0, AND(J35=2, I35>6.6), AND(J35=3, I35>8.6), AND(J35=5, I35>14.1)), 1, 0)) -> 0 | L35: 27.3 | N35: 正常 | O35: 安裝首日-第5時
A36: 46057 | B36: 0.58333333 | C36: 1號水槽 | D36: P-05 | E36: 202511011 | F36: 62.3 | G36: 63.2 | H36: 28 | J36: =VLOOKUP(D36, [1]設備資料!$A:$E, 5, 0) -> 3 | K36: =IF(I36="", 0, IF(OR(I36=0, AND(J36=2, I36>6.6), AND(J36=3, I36>8.6), AND(J36=5, I36>14.1)), 1, 0)) -> 0 | L36: 27.3 | N36: 正常 | O36: 安裝首日-第5時
A37: 46057 | B37: 0.58333333 | C37: 1號水槽 | D37: P-06 | E37: 202511012 | F37: 62.6 | G37: -- | H37: 28 | J37: =VLOOKUP(D37, [1]設備資料!$A:$E, 5, 0) -> 3 | K37: =IF(I37="", 0, IF(OR(I37=0, AND(J37=2, I37>6.6), AND(J37=3, I37>8.6), AND(J37=5, I37>14.1)), 1, 0)) -> 0 | L37: 27.3 | N37: 正常 | O37: 安裝首日-第5時
A38: 46057 | B38: 0.58333333 | C38: 1號水槽 | D38: P-09 | E38: 202511001 | F38: 77.4 | G38: 78.8 | H38: 28 | J38: =VLOOKUP(D38, [1]設備資料!$A:$E, 5, 0) -> 5 | K38: =IF(I38="", 0, IF(OR(I38=0, AND(J38=2, I38>6.6), AND(J38=3, I38>8.6), AND(J38=5, I38>14.1)), 1, 0)) -> 0 | L38: 27.3 | N38: 正常 | O38: 安裝首日-第5時
A39: 46057 | B39: 0.58333333 | C39: 1號水槽 | D39: P-10 | E39: 202511002 | F39: 77.5 | G39: 76.8 | H39: 28 | J39: =VLOOKUP(D39, [1]設備資料!$A:$E, 5, 0) -> 5 | K39: =IF(I39="", 0, IF(OR(I39=0, AND(J39=2, I39>6.6), AND(J39=3, I39>8.6), AND(J39=5, I39>14.1)), 1, 0)) -> 0 | L39: 27.3 | N39: 正常 | O39: 安裝首日-第5時
A40: 46057 | B40: 0.61111111 | C40: 2號水槽 | D40: P-03 | E40: 202510024 | F40: 56.2 | G40: 56.2 | H40: 28 | J40: =VLOOKUP(D40, [1]設備資料!$A:$E, 5, 0) -> 2 | K40: =IF(I40="", 0, IF(OR(I40=0, AND(J40=2, I40>6.6), AND(J40=3, I40>8.6), AND(J40=5, I40>14.1)), 1, 0)) -> 0 | M40: 26 | N40: 正常 | O40: 安裝首日-第4時
A41: 46057 | B41: 0.61111111 | C41: 2號水槽 | D41: P-04 | E41: 202510026 | F41: 60.4 | G41: -- | H41: 28 | J41: =VLOOKUP(D41, [1]設備資料!$A:$E, 5, 0) -> 2 | K41: =IF(I41="", 0, IF(OR(I41=0, AND(J41=2, I41>6.6), AND(J41=3, I41>8.6), AND(J41=5, I41>14.1)), 1, 0)) -> 0 | M41: 26 | N41: 正常 | O41: 安裝首日-第4時
A42: 46057 | B42: 0.61111111 | C42: 2號水槽 | D42: P-07 | E42: 202511017 | F42: 62.5 | G42: 62.9 | H42: 28 | J42: =VLOOKUP(D42, [1]設備資料!$A:$E, 5, 0) -> 3 | K42: =IF(I42="", 0, IF(OR(I42=0, AND(J42=2, I42>6.6), AND(J42=3, I42>8.6), AND(J42=5, I42>14.1)), 1, 0)) -> 0 | M42: 26 | N42: 正常 | O42: 安裝首日-第4時
A43: 46057 | B43: 0.61111111 | C43: 2號水槽 | D43: P-11 | E43: 202511005 | F43: 77.7 | G43: 73.4 | H43: 28 | J43: =VLOOKUP(D43, [1]設備資料!$A:$E, 5, 0) -> 5 | K43: =IF(I43="", 0, IF(OR(I43=0, AND(J43=2, I43>6.6), AND(J43=3, I43>8.6), AND(J43=5, I43>14.1)), 1, 0)) -> 0 | M43: 26 | N43: 正常 | O43: 安裝首日-第4時
A44: 46057 | B44: 0.61111111 | C44: 2號水槽 | D44: P-12 | E44: NA | F44: 79.3 | G44: 74.8 | H44: 28 | J44: =VLOOKUP(D44, [1]設備資料!$A:$E, 5, 0) -> 5 | K44: =IF(I44="", 0, IF(OR(I44=0, AND(J44=2, I44>6.6), AND(J44=3, I44>8.6), AND(J44=5, I44>14.1)), 1, 0)) -> 0 | M44: 26 | N44: 正常 | O44: 安裝首日-第4時
A45: 46057 | B45: 0.625 | C45: 1號水槽 | D45: P-01 | E45: 202510001 | F45: 58.3 | G45: 58.3 | H45: 28 | J45: =VLOOKUP(D45, [1]設備資料!$A:$E, 5, 0) -> 2 | K45: =IF(I45="", 0, IF(OR(I45=0, AND(J45=2, I45>6.6), AND(J45=3, I45>8.6), AND(J45=5, I45>14.1)), 1, 0)) -> 0 | L45: 28.8 | N45: 正常 | O45: 安裝首日-第6時
A46: 46057 | B46: 0.625 | C46: 1號水槽 | D46: P-02 | E46: 202510006 | F46: 54.4 | G46: -- | H46: 28 | J46: =VLOOKUP(D46, [1]設備資料!$A:$E, 5, 0) -> 2 | K46: =IF(I46="", 0, IF(OR(I46=0, AND(J46=2, I46>6.6), AND(J46=3, I46>8.6), AND(J46=5, I46>14.1)), 1, 0)) -> 0 | L46: 28.8 | N46: 正常 | O46: 安裝首日-第6時
A47: 46057 | B47: 0.625 | C47: 1號水槽 | D47: P-05 | E47: 202511011 | F47: 63.6 | G47: 64.6 | H47: 28 | J47: =VLOOKUP(D47, [1]設備資料!$A:$E, 5, 0) -> 3 | K47: =IF(I47="", 0, IF(OR(I47=0, AND(J47=2, I47>6.6), AND(J47=3, I47>8.6), AND(J47=5, I47>14.1)), 1, 0)) -> 0 | L47: 28.8 | N47: 正常 | O47: 安裝首日-第6時
A48: 46057 | B48: 0.625 | C48: 1號水槽 | D48: P-06 | E48: 202511012 | F48: 64 | G48: -- | H48: 28 | J48: =VLOOKUP(D48, [1]設備資料!$A:$E, 5, 0) -> 3 | K48: =IF(I48="", 0, IF(OR(I48=0, AND(J48=2, I48>6.6), AND(J48=3, I48>8.6), AND(J48=5, I48>14.1)), 1, 0)) -> 0 | L48: 28.8 | N48: 正常 | O48: 安裝首日-第6時
A49: 46057 | B49: 0.625 | C49: 1號水槽 | D49: P-09 | E49: 202511001 | F49: 79.3 | G49: 80.6 | H49: 28 | J49: =VLOOKUP(D49, [1]設備資料!$A:$E, 5, 0) -> 5 | K49: =IF(I49="", 0, IF(OR(I49=0, AND(J49=2, I49>6.6), AND(J49=3, I49>8.6), AND(J49=5, I49>14.1)), 1, 0)) -> 0 | L49: 28.8 | N49: 正常 | O49: 安裝首日-第6時
A50: 46057 | B50: 0.625 | C50: 1號水槽 | D50: P-10 | E50: 202511002 | F50: 79.1 | G50: 78.4 | H50: 28 | J50: =VLOOKUP(D50, [1]設備資料!$A:$E, 5, 0) -> 5 | K50: =IF(I50="", 0, IF(OR(I50=0, AND(J50=2, I50>6.6), AND(J50=3, I50>8.6), AND(J50=5, I50>14.1)), 1, 0)) -> 0 | L50: 28.8 | N50: 正常 | O50: 安裝首日-第6時
A51: 46057 | B51: 0.65277778 | C51: 2號水槽 | D51: P-03 | E51: 202510024 | F51: 56.2 | G51: 56.2 | H51: 28 | J51: =VLOOKUP(D51, [1]設備資料!$A:$E, 5, 0) -> 2 | K51: =IF(I51="", 0, IF(OR(I51=0, AND(J51=2, I51>6.6), AND(J51=3, I51>8.6), AND(J51=5, I51>14.1)), 1, 0)) -> 0 | M51: 27.3 | N51: 正常 | O51: 安裝首日-第5時
A52: 46057 | B52: 0.65277778 | C52: 2號水槽 | D52: P-04 | E52: 202510026 | F52: 60.4 | G52: -- | H52: 28 | J52: =VLOOKUP(D52, [1]設備資料!$A:$E, 5, 0) -> 2 | K52: =IF(I52="", 0, IF(OR(I52=0, AND(J52=2, I52>6.6), AND(J52=3, I52>8.6), AND(J52=5, I52>14.1)), 1, 0)) -> 0 | M52: 27.3 | N52: 正常 | O52: 安裝首日-第5時
A53: 46057 | B53: 0.65277778 | C53: 2號水槽 | D53: P-07 | E53: 202511017 | F53: 62.5 | G53: 62.9 | H53: 28 | J53: =VLOOKUP(D53, [1]設備資料!$A:$E, 5, 0) -> 3 | K53: =IF(I53="", 0, IF(OR(I53=0, AND(J53=2, I53>6.6), AND(J53=3, I53>8.6), AND(J53=5, I53>14.1)), 1, 0)) -> 0 | M53: 27.3 | N53: 正常 | O53: 安裝首日-第5時
A54: 46057 | B54: 0.65277778 | C54: 2號水槽 | D54: P-11 | E54: 202511005 | F54: 77.7 | G54: 73.4 | H54: 28 | J54: =VLOOKUP(D54, [1]設備資料!$A:$E, 5, 0) -> 5 | K54: =IF(I54="", 0, IF(OR(I54=0, AND(J54=2, I54>6.6), AND(J54=3, I54>8.6), AND(J54=5, I54>14.1)), 1, 0)) -> 0 | M54: 27.3 | N54: 正常 | O54: 安裝首日-第5時
A55: 46057 | B55: 0.65277778 | C55: 2號水槽 | D55: P-12 | E55: NA | F55: 79.3 | G55: 74.8 | H55: 28 | J55: =VLOOKUP(D55, [1]設備資料!$A:$E, 5, 0) -> 5 | K55: =IF(I55="", 0, IF(OR(I55=0, AND(J55=2, I55>6.6), AND(J55=3, I55>8.6), AND(J55=5, I55>14.1)), 1, 0)) -> 0 | M55: 27.3 | N55: 正常 | O55: 安裝首日-第5時
A56: 46057 | B56: 0.66666667 | C56: 1號水槽 | D56: P-01 | E56: 202510001 | F56: 58.5 | G56: 58.5 | H56: 28 | J56: =VLOOKUP(D56, [1]設備資料!$A:$E, 5, 0) -> 2 | K56: =IF(I56="", 0, IF(OR(I56=0, AND(J56=2, I56>6.6), AND(J56=3, I56>8.6), AND(J56=5, I56>14.1)), 1, 0)) -> 0 | L56: 29.2 | N56: 正常 | O56: 安裝首日-第7時
A57: 46057 | B57: 0.66666667 | C57: 1號水槽 | D57: P-02 | E57: 202510006 | F57: 54.6 | G57: -- | H57: 28 | J57: =VLOOKUP(D57, [1]設備資料!$A:$E, 5, 0) -> 2 | K57: =IF(I57="", 0, IF(OR(I57=0, AND(J57=2, I57>6.6), AND(J57=3, I57>8.6), AND(J57=5, I57>14.1)), 1, 0)) -> 0 | L57: 29.2 | N57: 正常 | O57: 安裝首日-第7時
A58: 46057 | B58: 0.66666667 | C58: 1號水槽 | D58: P-05 | E58: 202511011 | F58: 63.7 | G58: 64.7 | H58: 28 | J58: =VLOOKUP(D58, [1]設備資料!$A:$E, 5, 0) -> 3 | K58: =IF(I58="", 0, IF(OR(I58=0, AND(J58=2, I58>6.6), AND(J58=3, I58>8.6), AND(J58=5, I58>14.1)), 1, 0)) -> 0 | L58: 29.2 | N58: 正常 | O58: 安裝首日-第7時
A59: 46057 | B59: 0.66666667 | C59: 1號水槽 | D59: P-06 | E59: 202511012 | F59: 64 | G59: -- | H59: 28 | J59: =VLOOKUP(D59, [1]設備資料!$A:$E, 5, 0) -> 3 | K59: =IF(I59="", 0, IF(OR(I59=0, AND(J59=2, I59>6.6), AND(J59=3, I59>8.6), AND(J59=5, I59>14.1)), 1, 0)) -> 0 | L59: 29.2 | N59: 正常 | O59: 安裝首日-第7時
A60: 46057 | B60: 0.66666667 | C60: 1號水槽 | D60: P-09 | E60: 202511001 | F60: 79.5 | G60: 80.9 | H60: 28 | J60: =VLOOKUP(D60, [1]設備資料!$A:$E, 5, 0) -> 5 | K60: =IF(I60="", 0, IF(OR(I60=0, AND(J60=2, I60>6.6), AND(J60=3, I60>8.6), AND(J60=5, I60>14.1)), 1, 0)) -> 0 | L60: 29.2 | N60: 正常 | O60: 安裝首日-第7時
A61: 46057 | B61: 0.66666667 | C61: 1號水槽 | D61: P-10 | E61: 202511002 | F61: 79.3 | G61: 78.6 | H61: 28 | J61: =VLOOKUP(D61, [1]設備資料!$A:$E, 5, 0) -> 5 | K61: =IF(I61="", 0, IF(OR(I61=0, AND(J61=2, I61>6.6), AND(J61=3, I61>8.6), AND(J61=5, I61>14.1)), 1, 0)) -> 0 | L61: 29.2 | N61: 正常 | O61: 安裝首日-第7時
A62: 46057 | B62: 0.69444444 | C62: 2號水槽 | D62: P-03 | E62: 202510024 | F62: 60 | G62: 59.9 | H62: 28 | I62: 6.08 | J62: =VLOOKUP(D62, [1]設備資料!$A:$E, 5, 0) -> 2 | K62: =IF(I62="", 0, IF(OR(I62=0, AND(J62=2, I62>6.6), AND(J62=3, I62>8.6), AND(J62=5, I62>14.1)), 1, 0)) -> 0 | M62: 29.8 | N62: 正常 | O62: 安裝首日-第6時
A63: 46057 | B63: 0.69444444 | C63: 2號水槽 | D63: P-04 | E63: 202510026 | F63: 63.7 | G63: -- | H63: 28 | I63: 6.11 | J63: =VLOOKUP(D63, [1]設備資料!$A:$E, 5, 0) -> 2 | K63: =IF(I63="", 0, IF(OR(I63=0, AND(J63=2, I63>6.6), AND(J63=3, I63>8.6), AND(J63=5, I63>14.1)), 1, 0)) -> 0 | M63: 29.8 | N63: 正常 | O63: 安裝首日-第6時
A64: 46057 | B64: 0.69444444 | C64: 2號水槽 | D64: P-07 | E64: 202511017 | F64: 66.1 | G64: 66.4 | H64: 28 | I64: 7.97 | J64: =VLOOKUP(D64, [1]設備資料!$A:$E, 5, 0) -> 3 | K64: =IF(I64="", 0, IF(OR(I64=0, AND(J64=2, I64>6.6), AND(J64=3, I64>8.6), AND(J64=5, I64>14.1)), 1, 0)) -> 0 | M64: 29.8 | N64: 正常 | O64: 安裝首日-第6時
A65: 46057 | B65: 0.69444444 | C65: 2號水槽 | D65: P-11 | E65: 202511005 | F65: 81.4 | G65: 77.3 | H65: 28 | I65: 13.11 | J65: =VLOOKUP(D65, [1]設備資料!$A:$E, 5, 0) -> 5 | K65: =IF(I65="", 0, IF(OR(I65=0, AND(J65=2, I65>6.6), AND(J65=3, I65>8.6), AND(J65=5, I65>14.1)), 1, 0)) -> 0 | M65: 29.8 | N65: 正常 | O65: 安裝首日-第6時
A66: 46057 | B66: 0.69444444 | C66: 2號水槽 | D66: P-12 | E66: NA | F66: 82.7 | G66: 78.2 | H66: 28 | I66: 13.06 | J66: =VLOOKUP(D66, [1]設備資料!$A:$E, 5, 0) -> 5 | K66: =IF(I66="", 0, IF(OR(I66=0, AND(J66=2, I66>6.6), AND(J66=3, I66>8.6), AND(J66=5, I66>14.1)), 1, 0)) -> 0 | M66: 29.8 | N66: 正常 | O66: 安裝首日-第6時
A67: 46057 | B67: 0.70833333 | C67: 1號水槽 | D67: P-01 | E67: 202510001 | F67: 59.8 | G67: 59.9 | H67: 28 | I67: 6.31 | J67: =VLOOKUP(D67, [1]設備資料!$A:$E, 5, 0) -> 2 | K67: =IF(I67="", 0, IF(OR(I67=0, AND(J67=2, I67>6.6), AND(J67=3, I67>8.6), AND(J67=5, I67>14.1)), 1, 0)) -> 0 | L67: 30.6 | N67: 正常 | O67: 安裝首日-第8時
A68: 46057 | B68: 0.70833333 | C68: 1號水槽 | D68: P-02 | E68: 202510006 | F68: 56 | G68: -- | H68: 24 | I68: 6.19 | J68: =VLOOKUP(D68, [1]設備資料!$A:$E, 5, 0) -> 2 | K68: =IF(I68="", 0, IF(OR(I68=0, AND(J68=2, I68>6.6), AND(J68=3, I68>8.6), AND(J68=5, I68>14.1)), 1, 0)) -> 0 | L68: 30.6 | N68: 正常 | O68: 安裝首日-第8時
A69: 46057 | B69: 0.70833333 | C69: 1號水槽 | D69: P-05 | E69: 202511011 | F69: 65.4 | G69: 66.5 | H69: 24 | I69: 7.72 | J69: =VLOOKUP(D69, [1]設備資料!$A:$E, 5, 0) -> 3 | K69: =IF(I69="", 0, IF(OR(I69=0, AND(J69=2, I69>6.6), AND(J69=3, I69>8.6), AND(J69=5, I69>14.1)), 1, 0)) -> 0 | L69: 30.6 | N69: 正常 | O69: 安裝首日-第8時
A70: 46057 | B70: 0.70833333 | C70: 1號水槽 | D70: P-06 | E70: 202511012 | F70: 65.7 | G70: -- | H70: 24 | I70: 7.77 | J70: =VLOOKUP(D70, [1]設備資料!$A:$E, 5, 0) -> 3 | K70: =IF(I70="", 0, IF(OR(I70=0, AND(J70=2, I70>6.6), AND(J70=3, I70>8.6), AND(J70=5, I70>14.1)), 1, 0)) -> 0 | L70: 30.6 | N70: 正常 | O70: 安裝首日-第8時
A71: 46057 | B71: 0.70833333 | C71: 1號水槽 | D71: P-09 | E71: 202511001 | F71: 81 | G71: 82.5 | H71: 24 | I71: 13.32 | J71: =VLOOKUP(D71, [1]設備資料!$A:$E, 5, 0) -> 5 | K71: =IF(I71="", 0, IF(OR(I71=0, AND(J71=2, I71>6.6), AND(J71=3, I71>8.6), AND(J71=5, I71>14.1)), 1, 0)) -> 0 | L71: 30.6 | N71: 正常 | O71: 安裝首日-第8時
A72: 46057 | B72: 0.70833333 | C72: 1號水槽 | D72: P-10 | E72: 202511002 | F72: 80.8 | G72: 80.2 | H72: 24 | I72: 13.27 | J72: =VLOOKUP(D72, [1]設備資料!$A:$E, 5, 0) -> 5 | K72: =IF(I72="", 0, IF(OR(I72=0, AND(J72=2, I72>6.6), AND(J72=3, I72>8.6), AND(J72=5, I72>14.1)), 1, 0)) -> 0 | L72: 30.6 | N72: 正常 | O72: 安裝首日-第8時
A73: 46058 | B73: 0.33333333 | C73: 1號水槽 | D73: P-01 | E73: 202510001 | F73: 72 | G73: 71.8 | H73: 18 | I73: 6.18 | J73: =VLOOKUP(D73, [1]設備資料!$A:$E, 5, 0) -> 2 | K73: =IF(I73="", 0, IF(OR(I73=0, AND(J73=2, I73>6.6), AND(J73=3, I73>8.6), AND(J73=5, I73>14.1)), 1, 0)) -> 0 | L73: 41.9
A74: 46058 | B74: 0.33333333 | C74: 1號水槽 | D74: P-02 | E74: 202510006 | F74: 67.2 | H74: 18 | I74: 6.33 | J74: =VLOOKUP(D74, [1]設備資料!$A:$E, 5, 0) -> 2 | K74: =IF(I74="", 0, IF(OR(I74=0, AND(J74=2, I74>6.6), AND(J74=3, I74>8.6), AND(J74=5, I74>14.1)), 1, 0)) -> 0 | L74: 41.9
A75: 46058 | B75: 0.33333333 | C75: 1號水槽 | D75: P-05 | E75: 202511011 | F75: 78.2 | G75: 79.4 | H75: 18 | I75: 7.82 | J75: =VLOOKUP(D75, [1]設備資料!$A:$E, 5, 0) -> 3 | K75: =IF(I75="", 0, IF(OR(I75=0, AND(J75=2, I75>6.6), AND(J75=3, I75>8.6), AND(J75=5, I75>14.1)), 1, 0)) -> 0 | L75: 41.9
A76: 46058 | B76: 0.33333333 | C76: 1號水槽 | D76: P-06 | E76: 202511012 | F76: 78.1 | H76: 18 | I76: 8.11 | J76: =VLOOKUP(D76, [1]設備資料!$A:$E, 5, 0) -> 3 | K76: =IF(I76="", 0, IF(OR(I76=0, AND(J76=2, I76>6.6), AND(J76=3, I76>8.6), AND(J76=5, I76>14.1)), 1, 0)) -> 0 | L76: 41.9
A77: 46058 | B77: 0.33333333 | C77: 1號水槽 | D77: P-09 | E77: 202511001 | F77: 94.4 | G77: 96.1 | H77: 18 | I77: 13.29 | J77: =VLOOKUP(D77, [1]設備資料!$A:$E, 5, 0) -> 5 | K77: =IF(I77="", 0, IF(OR(I77=0, AND(J77=2, I77>6.6), AND(J77=3, I77>8.6), AND(J77=5, I77>14.1)), 1, 0)) -> 0 | L77: 41.9
A78: 46058 | B78: 0.33333333 | C78: 1號水槽 | D78: P-10 | E78: 202511002 | F78: 94.3 | G78: 93.8 | H78: 18 | I78: 13.94 | J78: =VLOOKUP(D78, [1]設備資料!$A:$E, 5, 0) -> 5 | K78: =IF(I78="", 0, IF(OR(I78=0, AND(J78=2, I78>6.6), AND(J78=3, I78>8.6), AND(J78=5, I78>14.1)), 1, 0)) -> 0 | L78: 41.9
A79: 46058 | B79: 0.36111111 | C79: 2號水槽 | D79: P-03 | E79: 202510024 | F79: 71.7 | G79: 71.7 | H79: 18 | I79: 6.22 | J79: =VLOOKUP(D79, [1]設備資料!$A:$E, 5, 0) -> 2 | K79: =IF(I79="", 0, IF(OR(I79=0, AND(J79=2, I79>6.6), AND(J79=3, I79>8.6), AND(J79=5, I79>14.1)), 1, 0)) -> 0 | M79: 41.1
A80: 46058 | B80: 0.36111111 | C80: 2號水槽 | D80: P-04 | E80: 202510026 | F80: 75.2 | H80: 18 | I80: 6.15 | J80: =VLOOKUP(D80, [1]設備資料!$A:$E, 5, 0) -> 2 | K80: =IF(I80="", 0, IF(OR(I80=0, AND(J80=2, I80>6.6), AND(J80=3, I80>8.6), AND(J80=5, I80>14.1)), 1, 0)) -> 0 | M80: 41.1
A81: 46058 | B81: 0.36111111 | C81: 2號水槽 | D81: P-07 | E81: 202511017 | F81: 78.3 | G81: 78.9 | H81: 18 | I81: 7.69 | J81: =VLOOKUP(D81, [1]設備資料!$A:$E, 5, 0) -> 3 | K81: =IF(I81="", 0, IF(OR(I81=0, AND(J81=2, I81>6.6), AND(J81=3, I81>8.6), AND(J81=5, I81>14.1)), 1, 0)) -> 0 | M81: 41.1
A82: 46058 | B82: 0.36111111 | C82: 2號水槽 | D82: P-11 | E82: 202511005 | F82: 94.4 | G82: 89.8 | H82: 18 | I82: 13.3 | J82: =VLOOKUP(D82, [1]設備資料!$A:$E, 5, 0) -> 5 | K82: =IF(I82="", 0, IF(OR(I82=0, AND(J82=2, I82>6.6), AND(J82=3, I82>8.6), AND(J82=5, I82>14.1)), 1, 0)) -> 0 | M82: 41.1
A83: 46058 | B83: 0.36111111 | C83: 2號水槽 | D83: P-12 | E83: NA | F83: 95.2 | G83: 90.8 | H83: 18 | I83: 13.45 | J83: =VLOOKUP(D83, [1]設備資料!$A:$E, 5, 0) -> 5 | K83: =IF(I83="", 0, IF(OR(I83=0, AND(J83=2, I83>6.6), AND(J83=3, I83>8.6), AND(J83=5, I83>14.1)), 1, 0)) -> 0 | M83: 41.1
A84: 46058 | B84: 0.54166667 | C84: 1號水槽 | D84: P-01 | E84: 202510001 | F84: 73.6 | G84: 73.4 | H84: 28 | J84: =VLOOKUP(D84, [1]設備資料!$A:$E, 5, 0) -> 2 | K84: =IF(I84="", 0, IF(OR(I84=0, AND(J84=2, I84>6.6), AND(J84=3, I84>8.6), AND(J84=5, I84>14.1)), 1, 0)) -> 0 | L84: 43.4
A85: 46058 | B85: 0.54166667 | C85: 1號水槽 | D85: P-02 | E85: 202510006 | F85: 68.9 | H85: 28 | J85: =VLOOKUP(D85, [1]設備資料!$A:$E, 5, 0) -> 2 | K85: =IF(I85="", 0, IF(OR(I85=0, AND(J85=2, I85>6.6), AND(J85=3, I85>8.6), AND(J85=5, I85>14.1)), 1, 0)) -> 0 | L85: 43.4
A86: 46058 | B86: 0.54166667 | C86: 1號水槽 | D86: P-05 | E86: 202511011 | F86: 79.4 | G86: 80.2 | H86: 28 | J86: =VLOOKUP(D86, [1]設備資料!$A:$E, 5, 0) -> 3 | K86: =IF(I86="", 0, IF(OR(I86=0, AND(J86=2, I86>6.6), AND(J86=3, I86>8.6), AND(J86=5, I86>14.1)), 1, 0)) -> 0 | L86: 43.4
A87: 46058 | B87: 0.54166667 | C87: 1號水槽 | D87: P-06 | E87: 202511012 | F87: 79.1 | H87: 28 | J87: =VLOOKUP(D87, [1]設備資料!$A:$E, 5, 0) -> 3 | K87: =IF(I87="", 0, IF(OR(I87=0, AND(J87=2, I87>6.6), AND(J87=3, I87>8.6), AND(J87=5, I87>14.1)), 1, 0)) -> 0 | L87: 43.4
A88: 46058 | B88: 0.54166667 | C88: 1號水槽 | D88: P-09 | E88: 202511001 | F88: 96.2 | G88: 97.3 | H88: 28 | J88: =VLOOKUP(D88, [1]設備資料!$A:$E, 5, 0) -> 5 | K88: =IF(I88="", 0, IF(OR(I88=0, AND(J88=2, I88>6.6), AND(J88=3, I88>8.6), AND(J88=5, I88>14.1)), 1, 0)) -> 0 | L88: 43.4
A89: 46058 | B89: 0.54166667 | C89: 1號水槽 | D89: P-10 | E89: 202511002 | F89: 96.3 | G89: 95.1 | H89: 28 | J89: =VLOOKUP(D89, [1]設備資料!$A:$E, 5, 0) -> 5 | K89: =IF(I89="", 0, IF(OR(I89=0, AND(J89=2, I89>6.6), AND(J89=3, I89>8.6), AND(J89=5, I89>14.1)), 1, 0)) -> 0 | L89: 43.4
A90: 46058 | B90: 0.56944444 | C90: 2號水槽 | D90: P-03 | E90: 202510024 | F90: 73.4 | G90: 73.2 | H90: 28 | J90: =VLOOKUP(D90, [1]設備資料!$A:$E, 5, 0) -> 2 | K90: =IF(I90="", 0, IF(OR(I90=0, AND(J90=2, I90>6.6), AND(J90=3, I90>8.6), AND(J90=5, I90>14.1)), 1, 0)) -> 0 | M90: 42.6
A91: 46058 | B91: 0.56944444 | C91: 2號水槽 | D91: P-04 | E91: 202510026 | F91: 76.8 | H91: 28 | J91: =VLOOKUP(D91, [1]設備資料!$A:$E, 5, 0) -> 2 | K91: =IF(I91="", 0, IF(OR(I91=0, AND(J91=2, I91>6.6), AND(J91=3, I91>8.6), AND(J91=5, I91>14.1)), 1, 0)) -> 0 | M91: 42.6
A92: 46058 | B92: 0.56944444 | C92: 2號水槽 | D92: P-07 | E92: 202511017 | F92: 79.8 | G92: 80.2 | H92: 28 | J92: =VLOOKUP(D92, [1]設備資料!$A:$E, 5, 0) -> 3 | K92: =IF(I92="", 0, IF(OR(I92=0, AND(J92=2, I92>6.6), AND(J92=3, I92>8.6), AND(J92=5, I92>14.1)), 1, 0)) -> 0 | M92: 42.6
A93: 46058 | B93: 0.56944444 | C93: 2號水槽 | D93: P-11 | E93: 202511005 | F93: 95.7 | G93: 91.5 | H93: 28 | J93: =VLOOKUP(D93, [1]設備資料!$A:$E, 5, 0) -> 5 | K93: =IF(I93="", 0, IF(OR(I93=0, AND(J93=2, I93>6.6), AND(J93=3, I93>8.6), AND(J93=5, I93>14.1)), 1, 0)) -> 0 | M93: 42.6
A94: 46058 | B94: 0.56944444 | C94: 2號水槽 | D94: P-12 | E94: NA | F94: 96.6 | G94: 92.1 | H94: 28 | J94: =VLOOKUP(D94, [1]設備資料!$A:$E, 5, 0) -> 5 | K94: =IF(I94="", 0, IF(OR(I94=0, AND(J94=2, I94>6.6), AND(J94=3, I94>8.6), AND(J94=5, I94>14.1)), 1, 0)) -> 0 | M94: 42.6
A95: 46058 | B95: 0.70833333 | C95: 1號水槽 | D95: P-01 | E95: 202510001 | F95: 74.5 | G95: 74.2 | H95: 28 | I95: 5.8 | J95: =VLOOKUP(D95, [1]設備資料!$A:$E, 5, 0) -> 2 | K95: =IF(I95="", 0, IF(OR(I95=0, AND(J95=2, I95>6.6), AND(J95=3, I95>8.6), AND(J95=5, I95>14.1)), 1, 0)) -> 0 | L95: 44.2
A96: 46058 | B96: 0.70833333 | C96: 1號水槽 | D96: P-02 | E96: 202510006 | F96: 69.7 | H96: 28 | I96: 6.04 | J96: =VLOOKUP(D96, [1]設備資料!$A:$E, 5, 0) -> 2 | K96: =IF(I96="", 0, IF(OR(I96=0, AND(J96=2, I96>6.6), AND(J96=3, I96>8.6), AND(J96=5, I96>14.1)), 1, 0)) -> 0 | L96: 44.2
A97: 46058 | B97: 0.70833333 | C97: 1號水槽 | D97: P-05 | E97: 202511011 | F97: 80.9 | G97: 82 | H97: 28 | I97: 8.1 | J97: =VLOOKUP(D97, [1]設備資料!$A:$E, 5, 0) -> 3 | K97: =IF(I97="", 0, IF(OR(I97=0, AND(J97=2, I97>6.6), AND(J97=3, I97>8.6), AND(J97=5, I97>14.1)), 1, 0)) -> 0 | L97: 44.2
A98: 46058 | B98: 0.70833333 | C98: 1號水槽 | D98: P-06 | E98: 202511012 | F98: 79.7 | H98: 28 | I98: 8.1 | J98: =VLOOKUP(D98, [1]設備資料!$A:$E, 5, 0) -> 3 | K98: =IF(I98="", 0, IF(OR(I98=0, AND(J98=2, I98>6.6), AND(J98=3, I98>8.6), AND(J98=5, I98>14.1)), 1, 0)) -> 0 | L98: 44.2
A99: 46058 | B99: 0.70833333 | C99: 1號水槽 | D99: P-09 | E99: 202511001 | F99: 96.7 | G99: 98.1 | H99: 28 | I99: 13.32 | J99: =VLOOKUP(D99, [1]設備資料!$A:$E, 5, 0) -> 5 | K99: =IF(I99="", 0, IF(OR(I99=0, AND(J99=2, I99>6.6), AND(J99=3, I99>8.6), AND(J99=5, I99>14.1)), 1, 0)) -> 0 | L99: 44.2
A100: 46058 | B100: 0.70833333 | C100: 1號水槽 | D100: P-10 | E100: 202511002 | F100: 96.7 | G100: 95.8 | H100: 28 | I100: 13.37 | J100: =VLOOKUP(D100, [1]設備資料!$A:$E, 5, 0) -> 5 | K100: =IF(I100="", 0, IF(OR(I100=0, AND(J100=2, I100>6.6), AND(J100=3, I100>8.6), AND(J100=5, I100>14.1)), 1, 0)) -> 0 | L100: 44.2
...

Sheet 工作表2
A1: 日期 | B1: 時間 | C1: 測試槽 | D1: 泵浦編號 | E1: 序號 | F1: 定子溫度 A | G1: 定子溫度 B | H1: 環境溫度 | I1: 運轉電流 (A) | J1: 泵浦 HP | K1: Alarm | L1: 1號水槽水溫度 | M1: 2號水槽水溫度
A2: 46077 | B2: 0.39583333 | C2: 1號水槽 | D2: P-01 | E2: 202510001 | F2: 21.2 | G2: 21.2 | H2: 23 | I2: 6.56 | J2: =VLOOKUP(D2, [1]設備資料!$A:$E, 5, 0) -> 2 | K2: =IF(I2="", 0, IF(OR(I2=0, AND(J2=2, I2>6.6), AND(J2=3, I2>8.6), AND(J2=5, I2>14.1)), 1, 0)) -> 0 | L2: 21.2
A3: 46077 | B3: 0.39583333 | C3: 1號水槽 | D3: P-02 | E3: 202510006 | F3: 21.2 | H3: 23 | I3: 6.53 | J3: =VLOOKUP(D3, [1]設備資料!$A:$E, 5, 0) -> 2 | K3: =IF(I3="", 0, IF(OR(I3=0, AND(J3=2, I3>6.6), AND(J3=3, I3>8.6), AND(J3=5, I3>14.1)), 1, 0)) -> 0 | L3: 21.2
A4: 46077 | B4: 0.39583333 | C4: 1號水槽 | D4: P-05 | E4: 202511011 | F4: 21.2 | G4: 21.2 | H4: 23 | I4: 8.36 | J4: =VLOOKUP(D4, [1]設備資料!$A:$E, 5, 0) -> 3 | K4: =IF(I4="", 0, IF(OR(I4=0, AND(J4=2, I4>6.6), AND(J4=3, I4>8.6), AND(J4=5, I4>14.1)), 1, 0)) -> 0 | L4: 21.2
A5: 46077 | B5: 0.39583333 | C5: 1號水槽 | D5: P-06 | E5: 202511012 | F5: 21.2 | H5: 23 | I5: 8.47 | J5: =VLOOKUP(D5, [1]設備資料!$A:$E, 5, 0) -> 3 | K5: =IF(I5="", 0, IF(OR(I5=0, AND(J5=2, I5>6.6), AND(J5=3, I5>8.6), AND(J5=5, I5>14.1)), 1, 0)) -> 0 | L5: 21.2
A6: 46077 | B6: 0.39583333 | C6: 1號水槽 | D6: P-09 | E6: 202511001 | F6: 21.2 | G6: 21.2 | H6: 23 | I6: 14.03 | J6: =VLOOKUP(D6, [1]設備資料!$A:$E, 5, 0) -> 5 | K6: =IF(I6="", 0, IF(OR(I6=0, AND(J6=2, I6>6.6), AND(J6=3, I6>8.6), AND(J6=5, I6>14.1)), 1, 0)) -> 0 | L6: 21.2
A7: 46077 | B7: 0.39583333 | C7: 1號水槽 | D7: P-10 | E7: 202511002 | F7: 21.2 | G7: 21.2 | H7: 23 | I7: 13.87 | J7: =VLOOKUP(D7, [1]設備資料!$A:$E, 5, 0) -> 5 | K7: =IF(I7="", 0, IF(OR(I7=0, AND(J7=2, I7>6.6), AND(J7=3, I7>8.6), AND(J7=5, I7>14.1)), 1, 0)) -> 0 | L7: 21.2
A8: 46077 | B8: 0.40277778 | C8: 2號水槽 | D8: P-03 | E8: 202510024 | F8: 21.2 | G8: 21.2 | H8: 23 | I8: 6.37 | J8: =VLOOKUP(D8, [1]設備資料!$A:$E, 5, 0) -> 2 | K8: =IF(I8="", 0, IF(OR(I8=0, AND(J8=2, I8>6.6), AND(J8=3, I8>8.6), AND(J8=5, I8>14.1)), 1, 0)) -> 0 | M8: 21
A9: 46077 | B9: 0.40277778 | C9: 2號水槽 | D9: P-04 | E9: 202510026 | F9: 21.2 | H9: 23 | I9: 6.42 | J9: =VLOOKUP(D9, [1]設備資料!$A:$E, 5, 0) -> 2 | K9: =IF(I9="", 0, IF(OR(I9=0, AND(J9=2, I9>6.6), AND(J9=3, I9>8.6), AND(J9=5, I9>14.1)), 1, 0)) -> 0 | M9: 21
A10: 46077 | B10: 0.40277778 | C10: 2號水槽 | D10: P-07 | E10: 202511017 | F10: 21.2 | G10: 21.2 | H10: 23 | I10: 8.24 | J10: =VLOOKUP(D10, [1]設備資料!$A:$E, 5, 0) -> 3 | K10: =IF(I10="", 0, IF(OR(I10=0, AND(J10=2, I10>6.6), AND(J10=3, I10>8.6), AND(J10=5, I10>14.1)), 1, 0)) -> 0 | M10: 21
A11: 46077 | B11: 0.40277778 | C11: 2號水槽 | D11: P-11 | E11: 202511005 | F11: 21.2 | G11: 21.2 | H11: 23 | I11: 14.05 | J11: =VLOOKUP(D11, [1]設備資料!$A:$E, 5, 0) -> 5 | K11: =IF(I11="", 0, IF(OR(I11=0, AND(J11=2, I11>6.6), AND(J11=3, I11>8.6), AND(J11=5, I11>14.1)), 1, 0)) -> 0 | M11: 21
A12: 46077 | B12: 0.40277778 | C12: 2號水槽 | D12: P-12 | E12: NA | F12: 21.2 | G12: 21.2 | H12: 23 | I12: 14.08 | J12: =VLOOKUP(D12, [1]設備資料!$A:$E, 5, 0) -> 5 | K12: =IF(I12="", 0, IF(OR(I12=0, AND(J12=2, I12>6.6), AND(J12=3, I12>8.6), AND(J12=5, I12>14.1)), 1, 0)) -> 0 | M12: 21
A13: 46077 | B13: 0.6875 | C13: 1號水槽 | D13: P-01 | E13: 202510001 | F13: 63.1 | G13: 62.6 | H13: 24 | I13: 6.13 | J13: =VLOOKUP(D13, [1]設備資料!$A:$E, 5, 0) -> 2 | K13: =IF(I13="", 0, IF(OR(I13=0, AND(J13=2, I13>6.6), AND(J13=3, I13>8.6), AND(J13=5, I13>14.1)), 1, 0)) -> 0 | L13: 33.6
A14: 46077 | B14: 0.6875 | C14: 1號水槽 | D14: P-02 | E14: 202510006 | F14: 58.4 | H14: 24 | I14: 6.03 | J14: =VLOOKUP(D14, [1]設備資料!$A:$E, 5, 0) -> 2 | K14: =IF(I14="", 0, IF(OR(I14=0, AND(J14=2, I14>6.6), AND(J14=3, I14>8.6), AND(J14=5, I14>14.1)), 1, 0)) -> 0 | L14: 33.6
A15: 46077 | B15: 0.6875 | C15: 1號水槽 | D15: P-05 | E15: 202511011 | F15: 68.7 | G15: 69.8 | H15: 24 | I15: 8.06 | J15: =VLOOKUP(D15, [1]設備資料!$A:$E, 5, 0) -> 3 | K15: =IF(I15="", 0, IF(OR(I15=0, AND(J15=2, I15>6.6), AND(J15=3, I15>8.6), AND(J15=5, I15>14.1)), 1, 0)) -> 0 | L15: 33.6
A16: 46077 | B16: 0.6875 | C16: 1號水槽 | D16: P-06 | E16: 202511012 | F16: 68.6 | H16: 24 | I16: 7.78 | J16: =VLOOKUP(D16, [1]設備資料!$A:$E, 5, 0) -> 3 | K16: =IF(I16="", 0, IF(OR(I16=0, AND(J16=2, I16>6.6), AND(J16=3, I16>8.6), AND(J16=5, I16>14.1)), 1, 0)) -> 0 | L16: 33.6
A17: 46077 | B17: 0.6875 | C17: 1號水槽 | D17: P-09 | E17: 202511001 | F17: 90.6 | G17: 91.5 | H17: 24 | I17: 13.62 | J17: =VLOOKUP(D17, [1]設備資料!$A:$E, 5, 0) -> 5 | K17: =IF(I17="", 0, IF(OR(I17=0, AND(J17=2, I17>6.6), AND(J17=3, I17>8.6), AND(J17=5, I17>14.1)), 1, 0)) -> 0 | L17: 33.6
A18: 46077 | B18: 0.6875 | C18: 1號水槽 | D18: P-10 | E18: 202511002 | F18: 86.8 | G18: 85.6 | H18: 24 | I18: 13.34 | J18: =VLOOKUP(D18, [1]設備資料!$A:$E, 5, 0) -> 5 | K18: =IF(I18="", 0, IF(OR(I18=0, AND(J18=2, I18>6.6), AND(J18=3, I18>8.6), AND(J18=5, I18>14.1)), 1, 0)) -> 0 | L18: 33.6
A19: 46077 | B19: 0.69444444 | C19: 2號水槽 | D19: P-03 | E19: 202510024 | F19: 62.5 | G19: 62.3 | H19: 24 | I19: 6.17 | J19: =VLOOKUP(D19, [1]設備資料!$A:$E, 5, 0) -> 2 | K19: =IF(I19="", 0, IF(OR(I19=0, AND(J19=2, I19>6.6), AND(J19=3, I19>8.6), AND(J19=5, I19>14.1)), 1, 0)) -> 0 | M19: 33.2
A20: 46077 | B20: 0.69444444 | C20: 2號水槽 | D20: P-04 | E20: 202510026 | F20: 65.8 | H20: 24 | I20: 6.47 | J20: =VLOOKUP(D20, [1]設備資料!$A:$E, 5, 0) -> 2 | K20: =IF(I20="", 0, IF(OR(I20=0, AND(J20=2, I20>6.6), AND(J20=3, I20>8.6), AND(J20=5, I20>14.1)), 1, 0)) -> 0 | M20: 33.2
A21: 46077 | B21: 0.69444444 | C21: 2號水槽 | D21: P-07 | E21: 202511017 | F21: 68.2 | G21: 68.5 | H21: 24 | I21: 7.85 | J21: =VLOOKUP(D21, [1]設備資料!$A:$E, 5, 0) -> 3 | K21: =IF(I21="", 0, IF(OR(I21=0, AND(J21=2, I21>6.6), AND(J21=3, I21>8.6), AND(J21=5, I21>14.1)), 1, 0)) -> 0 | M21: 33.2
A22: 46077 | B22: 0.69444444 | C22: 2號水槽 | D22: P-11 | E22: 202511005 | F22: 90.3 | G22: 89.4 | H22: 24 | I22: 13.35 | J22: =VLOOKUP(D22, [1]設備資料!$A:$E, 5, 0) -> 5 | K22: =IF(I22="", 0, IF(OR(I22=0, AND(J22=2, I22>6.6), AND(J22=3, I22>8.6), AND(J22=5, I22>14.1)), 1, 0)) -> 0 | M22: 33.2
A23: 46077 | B23: 0.69444444 | C23: 2號水槽 | D23: P-12 | E23: NA | F23: 90.4 | G23: 96.1 | H23: 24 | I23: 13.29 | J23: =VLOOKUP(D23, [1]設備資料!$A:$E, 5, 0) -> 5 | K23: =IF(I23="", 0, IF(OR(I23=0, AND(J23=2, I23>6.6), AND(J23=3, I23>8.6), AND(J23=5, I23>14.1)), 1, 0)) -> 0 | M23: 33.2
A24: 46078 | B24: 0.39583333 | C24: 1號水槽 | D24: P-01 | E24: 202510001 | F24: 75.1 | G24: 74.5 | H24: 25 | I24: 6.03 | J24: =VLOOKUP(D24, [1]設備資料!$A:$E, 5, 0) -> 2 | K24: =IF(I24="", 0, IF(OR(I24=0, AND(J24=2, I24>6.6), AND(J24=3, I24>8.6), AND(J24=5, I24>14.1)), 1, 0)) -> 0 | L24: 44.8
A25: 46078 | B25: 0.39583333 | C25: 1號水槽 | D25: P-02 | E25: 202510006 | F25: 71.2 | H25: 25 | I25: 5.78 | J25: =VLOOKUP(D25, [1]設備資料!$A:$E, 5, 0) -> 2 | K25: =IF(I25="", 0, IF(OR(I25=0, AND(J25=2, I25>6.6), AND(J25=3, I25>8.6), AND(J25=5, I25>14.1)), 1, 0)) -> 0 | L25: 44.8
A26: 46078 | B26: 0.39583333 | C26: 1號水槽 | D26: P-05 | E26: 202511011 | F26: 81.1 | G26: 81.9 | H26: 25 | I26: 7.86 | J26: =VLOOKUP(D26, [1]設備資料!$A:$E, 5, 0) -> 3 | K26: =IF(I26="", 0, IF(OR(I26=0, AND(J26=2, I26>6.6), AND(J26=3, I26>8.6), AND(J26=5, I26>14.1)), 1, 0)) -> 0 | L26: 44.8
A27: 46078 | B27: 0.39583333 | C27: 1號水槽 | D27: P-06 | E27: 202511012 | F27: 80.4 | H27: 25 | I27: 7.82 | J27: =VLOOKUP(D27, [1]設備資料!$A:$E, 5, 0) -> 3 | K27: =IF(I27="", 0, IF(OR(I27=0, AND(J27=2, I27>6.6), AND(J27=3, I27>8.6), AND(J27=5, I27>14.1)), 1, 0)) -> 0 | L27: 44.8
A28: 46078 | B28: 0.39583333 | C28: 1號水槽 | D28: P-09 | E28: 202511001 | F28: 102.1 | G28: 102.3 | H28: 25 | I28: 13.64 | J28: =VLOOKUP(D28, [1]設備資料!$A:$E, 5, 0) -> 5 | K28: =IF(I28="", 0, IF(OR(I28=0, AND(J28=2, I28>6.6), AND(J28=3, I28>8.6), AND(J28=5, I28>14.1)), 1, 0)) -> 0 | L28: 44.8
A29: 46078 | B29: 0.39583333 | C29: 1號水槽 | D29: P-10 | E29: 202511002 | F29: 98.2 | G29: 96.5 | H29: 25 | I29: 13.32 | J29: =VLOOKUP(D29, [1]設備資料!$A:$E, 5, 0) -> 5 | K29: =IF(I29="", 0, IF(OR(I29=0, AND(J29=2, I29>6.6), AND(J29=3, I29>8.6), AND(J29=5, I29>14.1)), 1, 0)) -> 0 | L29: 44.8
A30: 46078 | B30: 0.40277778 | C30: 2號水槽 | D30: P-03 | E30: 202510024 | F30: 74.5 | G30: 74.3 | H30: 25 | I30: 6.04 | J30: =VLOOKUP(D30, [1]設備資料!$A:$E, 5, 0) -> 2 | K30: =IF(I30="", 0, IF(OR(I30=0, AND(J30=2, I30>6.6), AND(J30=3, I30>8.6), AND(J30=5, I30>14.1)), 1, 0)) -> 0 | M30: 43.8
A31: 46078 | B31: 0.40277778 | C31: 2號水槽 | D31: P-04 | E31: 202510026 | F31: 77.8 | H31: 25 | I31: 6.08 | J31: =VLOOKUP(D31, [1]設備資料!$A:$E, 5, 0) -> 2 | K31: =IF(I31="", 0, IF(OR(I31=0, AND(J31=2, I31>6.6), AND(J31=3, I31>8.6), AND(J31=5, I31>14.1)), 1, 0)) -> 0 | M31: 43.8
A32: 46078 | B32: 0.40277778 | C32: 2號水槽 | D32: P-07 | E32: 202511017 | F32: 80.2 | G32: 80.9 | H32: 25 | I32: 7.55 | J32: =VLOOKUP(D32, [1]設備資料!$A:$E, 5, 0) -> 3 | K32: =IF(I32="", 0, IF(OR(I32=0, AND(J32=2, I32>6.6), AND(J32=3, I32>8.6), AND(J32=5, I32>14.1)), 1, 0)) -> 0 | M32: 43.8
A33: 46078 | B33: 0.40277778 | C33: 2號水槽 | D33: P-11 | E33: 202511005 | F33: 102.3 | G33: 101.4 | H33: 25 | I33: 13.31 | J33: =VLOOKUP(D33, [1]設備資料!$A:$E, 5, 0) -> 5 | K33: =IF(I33="", 0, IF(OR(I33=0, AND(J33=2, I33>6.6), AND(J33=3, I33>8.6), AND(J33=5, I33>14.1)), 1, 0)) -> 0 | M33: 43.8
A34: 46078 | B34: 0.40277778 | C34: 2號水槽 | D34: P-12 | E34: NA | F34: 102.4 | G34: 97.2 | H34: 25 | I34: 13.23 | J34: =VLOOKUP(D34, [1]設備資料!$A:$E, 5, 0) -> 5 | K34: =IF(I34="", 0, IF(OR(I34=0, AND(J34=2, I34>6.6), AND(J34=3, I34>8.6), AND(J34=5, I34>14.1)), 1, 0)) -> 0 | M34: 43.8
A35: 46078 | B35: 0.6875 | C35: 1號水槽 | D35: P-01 | E35: 202510001 | F35: 75.6 | G35: 74.9 | H35: 27 | J35: =VLOOKUP(D35, [1]設備資料!$A:$E, 5, 0) -> 2 | K35: =IF(I35="", 0, IF(OR(I35=0, AND(J35=2, I35>6.6), AND(J35=3, I35>8.6), AND(J35=5, I35>14.1)), 1, 0)) -> 0 | L35: 45.1
A36: 46078 | B36: 0.6875 | C36: 1號水槽 | D36: P-02 | E36: 202510006 | F36: 71.4 | H36: 27 | J36: =VLOOKUP(D36, [1]設備資料!$A:$E, 5, 0) -> 2 | K36: =IF(I36="", 0, IF(OR(I36=0, AND(J36=2, I36>6.6), AND(J36=3, I36>8.6), AND(J36=5, I36>14.1)), 1, 0)) -> 0 | L36: 45.1
A37: 46078 | B37: 0.6875 | C37: 1號水槽 | D37: P-05 | E37: 202511011 | F37: 81.2 | G37: 82.5 | H37: 27 | J37: =VLOOKUP(D37, [1]設備資料!$A:$E, 5, 0) -> 3 | K37: =IF(I37="", 0, IF(OR(I37=0, AND(J37=2, I37>6.6), AND(J37=3, I37>8.6), AND(J37=5, I37>14.1)), 1, 0)) -> 0 | L37: 45.1
A38: 46078 | B38: 0.6875 | C38: 1號水槽 | D38: P-06 | E38: 202511012 | F38: 80.9 | H38: 27 | J38: =VLOOKUP(D38, [1]設備資料!$A:$E, 5, 0) -> 3 | K38: =IF(I38="", 0, IF(OR(I38=0, AND(J38=2, I38>6.6), AND(J38=3, I38>8.6), AND(J38=5, I38>14.1)), 1, 0)) -> 0 | L38: 45.1
A39: 46078 | B39: 0.6875 | C39: 1號水槽 | D39: P-09 | E39: 202511001 | F39: 103.1 | G39: 101.8 | H39: 27 | J39: =VLOOKUP(D39, [1]設備資料!$A:$E, 5, 0) -> 5 | K39: =IF(I39="", 0, IF(OR(I39=0, AND(J39=2, I39>6.6), AND(J39=3, I39>8.6), AND(J39=5, I39>14.1)), 1, 0)) -> 0 | L39: 45.1
A40: 46078 | B40: 0.6875 | C40: 1號水槽 | D40: P-10 | E40: 202511002 | F40: 98 | G40: 97.2 | H40: 27 | J40: =VLOOKUP(D40, [1]設備資料!$A:$E, 5, 0) -> 5 | K40: =IF(I40="", 0, IF(OR(I40=0, AND(J40=2, I40>6.6), AND(J40=3, I40>8.6), AND(J40=5, I40>14.1)), 1, 0)) -> 0 | L40: 45.1
A41: 46078 | B41: 0.69444444 | C41: 2號水槽 | D41: P-03 | E41: 202510024 | F41: 74.7 | G41: 74.7 | H41: 27 | J41: =VLOOKUP(D41, [1]設備資料!$A:$E, 5, 0) -> 2 | K41: =IF(I41="", 0, IF(OR(I41=0, AND(J41=2, I41>6.6), AND(J41=3, I41>8.6), AND(J41=5, I41>14.1)), 1, 0)) -> 0 | M41: 44.2
A42: 46078 | B42: 0.69444444 | C42: 2號水槽 | D42: P-04 | E42: 202510026 | F42: 78 | H42: 27 | J42: =VLOOKUP(D42, [1]設備資料!$A:$E, 5, 0) -> 2 | K42: =IF(I42="", 0, IF(OR(I42=0, AND(J42=2, I42>6.6), AND(J42=3, I42>8.6), AND(J42=5, I42>14.1)), 1, 0)) -> 0 | M42: 44.2
A43: 46078 | B43: 0.69444444 | C43: 2號水槽 | D43: P-07 | E43: 202511017 | F43: 81.2 | G43: 81 | H43: 27 | J43: =VLOOKUP(D43, [1]設備資料!$A:$E, 5, 0) -> 3 | K43: =IF(I43="", 0, IF(OR(I43=0, AND(J43=2, I43>6.6), AND(J43=3, I43>8.6), AND(J43=5, I43>14.1)), 1, 0)) -> 0 | M43: 44.2
A44: 46078 | B44: 0.69444444 | C44: 2號水槽 | D44: P-11 | E44: 202511005 | F44: 101.7 | G44: 97 | H44: 27 | J44: =VLOOKUP(D44, [1]設備資料!$A:$E, 5, 0) -> 5 | K44: =IF(I44="", 0, IF(OR(I44=0, AND(J44=2, I44>6.6), AND(J44=3, I44>8.6), AND(J44=5, I44>14.1)), 1, 0)) -> 0 | M44: 44.2
A45: 46078 | B45: 0.69444444 | C45: 2號水槽 | D45: P-12 | E45: NA | F45: 103.7 | G45: 97.5 | H45: 27 | J45: =VLOOKUP(D45, [1]設備資料!$A:$E, 5, 0) -> 5 | K45: =IF(I45="", 0, IF(OR(I45=0, AND(J45=2, I45>6.6), AND(J45=3, I45>8.6), AND(J45=5, I45>14.1)), 1, 0)) -> 0 | M45: 44.2
A46: 46079 | B46: 0.39583333 | C46: 1號水槽 | D46: P-01 | E46: 202510001 | F46: 78 | G46: 77.4 | H46: 23 | I46: 6.12 | J46: =VLOOKUP(D46, [1]設備資料!$A:$E, 5, 0) -> 2 | K46: =IF(I46="", 0, IF(OR(I46=0, AND(J46=2, I46>6.6), AND(J46=3, I46>8.6), AND(J46=5, I46>14.1)), 1, 0)) -> 0 | L46: 47.2
A47: 46079 | B47: 0.39583333 | C47: 1號水槽 | D47: P-02 | E47: 202510006 | F47: 73.6 | H47: 23 | I47: 5.98 | J47: =VLOOKUP(D47, [1]設備資料!$A:$E, 5, 0) -> 2 | K47: =IF(I47="", 0, IF(OR(I47=0, AND(J47=2, I47>6.6), AND(J47=3, I47>8.6), AND(J47=5, I47>14.1)), 1, 0)) -> 0 | L47: 47.2
A48: 46079 | B48: 0.39583333 | C48: 1號水槽 | D48: P-05 | E48: 202511011 | F48: 85 | G48: 84 | H48: 23 | I48: 7.89 | J48: =VLOOKUP(D48, [1]設備資料!$A:$E, 5, 0) -> 3 | K48: =IF(I48="", 0, IF(OR(I48=0, AND(J48=2, I48>6.6), AND(J48=3, I48>8.6), AND(J48=5, I48>14.1)), 1, 0)) -> 0 | L48: 47.2
A49: 46079 | B49: 0.39583333 | C49: 1號水槽 | D49: P-06 | E49: 202511012 | F49: 83.5 | H49: 23 | I49: 7.92 | J49: =VLOOKUP(D49, [1]設備資料!$A:$E, 5, 0) -> 3 | K49: =IF(I49="", 0, IF(OR(I49=0, AND(J49=2, I49>6.6), AND(J49=3, I49>8.6), AND(J49=5, I49>14.1)), 1, 0)) -> 0 | L49: 47.2
A50: 46079 | B50: 0.39583333 | C50: 1號水槽 | D50: P-09 | E50: 202511001 | F50: 105.7 | G50: 104.7 | H50: 23 | I50: 13.75 | J50: =VLOOKUP(D50, [1]設備資料!$A:$E, 5, 0) -> 5 | K50: =IF(I50="", 0, IF(OR(I50=0, AND(J50=2, I50>6.6), AND(J50=3, I50>8.6), AND(J50=5, I50>14.1)), 1, 0)) -> 0 | L50: 47.2
A51: 46079 | B51: 0.39583333 | C51: 1號水槽 | D51: P-10 | E51: 202511002 | F51: 100.7 | G51: 99.8 | H51: 23 | I51: 13.45 | J51: =VLOOKUP(D51, [1]設備資料!$A:$E, 5, 0) -> 5 | K51: =IF(I51="", 0, IF(OR(I51=0, AND(J51=2, I51>6.6), AND(J51=3, I51>8.6), AND(J51=5, I51>14.1)), 1, 0)) -> 0 | L51: 47.2
A52: 46079 | B52: 0.40277778 | C52: 2號水槽 | D52: P-03 | E52: 202510024 | F52: 77.3 | G52: 77.2 | H52: 23 | I52: 6.38 | J52: =VLOOKUP(D52, [1]設備資料!$A:$E, 5, 0) -> 2 | K52: =IF(I52="", 0, IF(OR(I52=0, AND(J52=2, I52>6.6), AND(J52=3, I52>8.6), AND(J52=5, I52>14.1)), 1, 0)) -> 0 | M52: 46.2
A53: 46079 | B53: 0.40277778 | C53: 2號水槽 | D53: P-04 | E53: 202510026 | F53: 81.1 | H53: 23 | I53: 6.22 | J53: =VLOOKUP(D53, [1]設備資料!$A:$E, 5, 0) -> 2 | K53: =IF(I53="", 0, IF(OR(I53=0, AND(J53=2, I53>6.6), AND(J53=3, I53>8.6), AND(J53=5, I53>14.1)), 1, 0)) -> 0 | M53: 46.2
A54: 46079 | B54: 0.40277778 | C54: 2號水槽 | D54: P-07 | E54: 202511017 | F54: 83.7 | G54: 81.2 | H54: 23 | I54: 8.05 | J54: =VLOOKUP(D54, [1]設備資料!$A:$E, 5, 0) -> 3 | K54: =IF(I54="", 0, IF(OR(I54=0, AND(J54=2, I54>6.6), AND(J54=3, I54>8.6), AND(J54=5, I54>14.1)), 1, 0)) -> 0 | M54: 46.2
A55: 46079 | B55: 0.40277778 | C55: 2號水槽 | D55: P-11 | E55: 202511005 | F55: 104.7 | G55: 100 | H55: 23 | I55: 13.62 | J55: =VLOOKUP(D55, [1]設備資料!$A:$E, 5, 0) -> 5 | K55: =IF(I55="", 0, IF(OR(I55=0, AND(J55=2, I55>6.6), AND(J55=3, I55>8.6), AND(J55=5, I55>14.1)), 1, 0)) -> 0 | M55: 46.2
A56: 46079 | B56: 0.40277778 | C56: 2號水槽 | D56: P-12 | E56: NA | F56: 108.4 | G56: 100.5 | H56: 23 | I56: 13.71 | J56: =VLOOKUP(D56, [1]設備資料!$A:$E, 5, 0) -> 5 | K56: =IF(I56="", 0, IF(OR(I56=0, AND(J56=2, I56>6.6), AND(J56=3, I56>8.6), AND(J56=5, I56>14.1)), 1, 0)) -> 0 | M56: 46.2
A57: 46083 | B57: 0.39583333 | C57: 1號水槽 | D57: P-01 | E57: 202510001 | F57: 81.1 | H57: 25 | J57: =VLOOKUP(D57, [1]設備資料!$A:$E, 5, 0) -> 2 | K57: =IF(I57="", 0, IF(OR(I57=0, AND(J57=2, I57>6.6), AND(J57=3, I57>8.6), AND(J57=5, I57>14.1)), 1, 0)) -> 0 | L57: 50.4
A58: 46083 | B58: 0.39583333 | C58: 1號水槽 | D58: P-02 | E58: 202510006 | F58: 76.5 | H58: 25 | J58: =VLOOKUP(D58, [1]設備資料!$A:$E, 5, 0) -> 2 | K58: =IF(I58="", 0, IF(OR(I58=0, AND(J58=2, I58>6.6), AND(J58=3, I58>8.6), AND(J58=5, I58>14.1)), 1, 0)) -> 0 | L58: 50.4
A59: 46083 | B59: 0.39583333 | C59: 1號水槽 | D59: P-05 | E59: 202511011 | F59: 86.9 | H59: 25 | J59: =VLOOKUP(D59, [1]設備資料!$A:$E, 5, 0) -> 3 | K59: =IF(I59="", 0, IF(OR(I59=0, AND(J59=2, I59>6.6), AND(J59=3, I59>8.6), AND(J59=5, I59>14.1)), 1, 0)) -> 0 | L59: 50.4
A60: 46083 | B60: 0.39583333 | C60: 1號水槽 | D60: P-06 | E60: 202511012 | F60: 85.8 | H60: 25 | J60: =VLOOKUP(D60, [1]設備資料!$A:$E, 5, 0) -> 3 | K60: =IF(I60="", 0, IF(OR(I60=0, AND(J60=2, I60>6.6), AND(J60=3, I60>8.6), AND(J60=5, I60>14.1)), 1, 0)) -> 0 | L60: 50.4
A61: 46083 | B61: 0.39583333 | C61: 1號水槽 | D61: P-09 | E61: 202511001 | F61: 107.3 | H61: 25 | J61: =VLOOKUP(D61, [1]設備資料!$A:$E, 5, 0) -> 5 | K61: =IF(I61="", 0, IF(OR(I61=0, AND(J61=2, I61>6.6), AND(J61=3, I61>8.6), AND(J61=5, I61>14.1)), 1, 0)) -> 0 | L61: 50.4
A62: 46083 | B62: 0.39583333 | C62: 1號水槽 | D62: P-10 | E62: 202511002 | F62: 103.8 | H62: 25 | J62: =VLOOKUP(D62, [1]設備資料!$A:$E, 5, 0) -> 5 | K62: =IF(I62="", 0, IF(OR(I62=0, AND(J62=2, I62>6.6), AND(J62=3, I62>8.6), AND(J62=5, I62>14.1)), 1, 0)) -> 0 | L62: 50.4
A63: 46083 | B63: 0.40277778 | C63: 2號水槽 | D63: P-03 | E63: 202510024 | F63: 81 | H63: 25 | J63: =VLOOKUP(D63, [1]設備資料!$A:$E, 5, 0) -> 2 | K63: =IF(I63="", 0, IF(OR(I63=0, AND(J63=2, I63>6.6), AND(J63=3, I63>8.6), AND(J63=5, I63>14.1)), 1, 0)) -> 0 | M63: 49.6
A64: 46083 | B64: 0.40277778 | C64: 2號水槽 | D64: P-04 | E64: 202510026 | F64: 84.2 | H64: 25 | J64: =VLOOKUP(D64, [1]設備資料!$A:$E, 5, 0) -> 2 | K64: =IF(I64="", 0, IF(OR(I64=0, AND(J64=2, I64>6.6), AND(J64=3, I64>8.6), AND(J64=5, I64>14.1)), 1, 0)) -> 0 | M64: 49.6
A65: 46083 | B65: 0.40277778 | C65: 2號水槽 | D65: P-07 | E65: 202511017 | F65: 87.2 | H65: 25 | J65: =VLOOKUP(D65, [1]設備資料!$A:$E, 5, 0) -> 3 | K65: =IF(I65="", 0, IF(OR(I65=0, AND(J65=2, I65>6.6), AND(J65=3, I65>8.6), AND(J65=5, I65>14.1)), 1, 0)) -> 0 | M65: 49.6
A66: 46083 | B66: 0.40277778 | C66: 2號水槽 | D66: P-11 | E66: 202511005 | F66: 109.2 | H66: 25 | J66: =VLOOKUP(D66, [1]設備資料!$A:$E, 5, 0) -> 5 | K66: =IF(I66="", 0, IF(OR(I66=0, AND(J66=2, I66>6.6), AND(J66=3, I66>8.6), AND(J66=5, I66>14.1)), 1, 0)) -> 0 | M66: 49.6
A67: 46083 | B67: 0.40277778 | C67: 2號水槽 | D67: P-12 | E67: NA | F67: 110.4 | H67: 25 | J67: =VLOOKUP(D67, [1]設備資料!$A:$E, 5, 0) -> 5 | K67: =IF(I67="", 0, IF(OR(I67=0, AND(J67=2, I67>6.6), AND(J67=3, I67>8.6), AND(J67=5, I67>14.1)), 1, 0)) -> 0 | M67: 49.6
A68: 46083 | B68: 0.6875 | C68: 1號水槽 | D68: P-01 | E68: 202510001 | F68: 79.7 | H68: 27 | J68: =VLOOKUP(D68, [1]設備資料!$A:$E, 5, 0) -> 2 | K68: =IF(I68="", 0, IF(OR(I68=0, AND(J68=2, I68>6.6), AND(J68=3, I68>8.6), AND(J68=5, I68>14.1)), 1, 0)) -> 0 | L68: 48.9
A69: 46083 | B69: 0.6875 | C69: 1號水槽 | D69: P-02 | E69: 202510006 | F69: 75.1 | H69: 27 | J69: =VLOOKUP(D69, [1]設備資料!$A:$E, 5, 0) -> 2 | K69: =IF(I69="", 0, IF(OR(I69=0, AND(J69=2, I69>6.6), AND(J69=3, I69>8.6), AND(J69=5, I69>14.1)), 1, 0)) -> 0 | L69: 48.9
A70: 46083 | B70: 0.6875 | C70: 1號水槽 | D70: P-05 | E70: 202511011 | F70: 85.6 | H70: 27 | J70: =VLOOKUP(D70, [1]設備資料!$A:$E, 5, 0) -> 3 | K70: =IF(I70="", 0, IF(OR(I70=0, AND(J70=2, I70>6.6), AND(J70=3, I70>8.6), AND(J70=5, I70>14.1)), 1, 0)) -> 0 | L70: 48.9
A71: 46083 | B71: 0.6875 | C71: 1號水槽 | D71: P-06 | E71: 202511012 | F71: 84.5 | H71: 27 | J71: =VLOOKUP(D71, [1]設備資料!$A:$E, 5, 0) -> 3 | K71: =IF(I71="", 0, IF(OR(I71=0, AND(J71=2, I71>6.6), AND(J71=3, I71>8.6), AND(J71=5, I71>14.1)), 1, 0)) -> 0 | L71: 48.9
A72: 46083 | B72: 0.6875 | C72: 1號水槽 | D72: P-09 | E72: 202511001 | F72: 106.6 | H72: 27 | J72: =VLOOKUP(D72, [1]設備資料!$A:$E, 5, 0) -> 5 | K72: =IF(I72="", 0, IF(OR(I72=0, AND(J72=2, I72>6.6), AND(J72=3, I72>8.6), AND(J72=5, I72>14.1)), 1, 0)) -> 0 | L72: 48.9
A73: 46083 | B73: 0.6875 | C73: 1號水槽 | D73: P-10 | E73: 202511002 | F73: 102.4 | H73: 27 | J73: =VLOOKUP(D73, [1]設備資料!$A:$E, 5, 0) -> 5 | K73: =IF(I73="", 0, IF(OR(I73=0, AND(J73=2, I73>6.6), AND(J73=3, I73>8.6), AND(J73=5, I73>14.1)), 1, 0)) -> 0 | L73: 48.9
A74: 46083 | B74: 0.69444444 | C74: 2號水槽 | D74: P-03 | E74: 202510024 | F74: 79.4 | H74: 27 | J74: =VLOOKUP(D74, [1]設備資料!$A:$E, 5, 0) -> 2 | K74: =IF(I74="", 0, IF(OR(I74=0, AND(J74=2, I74>6.6), AND(J74=3, I74>8.6), AND(J74=5, I74>14.1)), 1, 0)) -> 0 | M74: 48.1
A75: 46083 | B75: 0.69444444 | C75: 2號水槽 | D75: P-04 | E75: 202510026 | F75: 83 | H75: 27 | J75: =VLOOKUP(D75, [1]設備資料!$A:$E, 5, 0) -> 2 | K75: =IF(I75="", 0, IF(OR(I75=0, AND(J75=2, I75>6.6), AND(J75=3, I75>8.6), AND(J75=5, I75>14.1)), 1, 0)) -> 0 | M75: 48.1
A76: 46083 | B76: 0.69444444 | C76: 2號水槽 | D76: P-07 | E76: 202511017 | F76: 85.3 | H76: 27 | J76: =VLOOKUP(D76, [1]設備資料!$A:$E, 5, 0) -> 3 | K76: =IF(I76="", 0, IF(OR(I76=0, AND(J76=2, I76>6.6), AND(J76=3, I76>8.6), AND(J76=5, I76>14.1)), 1, 0)) -> 0 | M76: 48.1
A77: 46083 | B77: 0.69444444 | C77: 2號水槽 | D77: P-11 | E77: 202511005 | F77: 107.1 | H77: 27 | J77: =VLOOKUP(D77, [1]設備資料!$A:$E, 5, 0) -> 5 | K77: =IF(I77="", 0, IF(OR(I77=0, AND(J77=2, I77>6.6), AND(J77=3, I77>8.6), AND(J77=5, I77>14.1)), 1, 0)) -> 0 | M77: 48.1
A78: 46083 | B78: 0.69444444 | C78: 2號水槽 | D78: P-12 | E78: NA | F78: 109 | H78: 27 | J78: =VLOOKUP(D78, [1]設備資料!$A:$E, 5, 0) -> 5 | K78: =IF(I78="", 0, IF(OR(I78=0, AND(J78=2, I78>6.6), AND(J78=3, I78>8.6), AND(J78=5, I78>14.1)), 1, 0)) -> 0 | M78: 48.1
A79: 46084 | B79: 0.39583333 | C79: 1號水槽 | D79: P-01 | E79: 202510001 | F79: 81.1 | H79: 22 | J79: =VLOOKUP(D79, [1]設備資料!$A:$E, 5, 0) -> 2 | K79: =IF(I79="", 0, IF(OR(I79=0, AND(J79=2, I79>6.6), AND(J79=3, I79>8.6), AND(J79=5, I79>14.1)), 1, 0)) -> 0 | L79: 50.4
A80: 46084 | B80: 0.39583333 | C80: 1號水槽 | D80: P-02 | E80: 202510006 | F80: 76.5 | H80: 22 | J80: =VLOOKUP(D80, [1]設備資料!$A:$E, 5, 0) -> 2 | K80: =IF(I80="", 0, IF(OR(I80=0, AND(J80=2, I80>6.6), AND(J80=3, I80>8.6), AND(J80=5, I80>14.1)), 1, 0)) -> 0 | L80: 50.4
A81: 46084 | B81: 0.39583333 | C81: 1號水槽 | D81: P-05 | E81: 202511011 | F81: 86.9 | H81: 22 | J81: =VLOOKUP(D81, [1]設備資料!$A:$E, 5, 0) -> 3 | K81: =IF(I81="", 0, IF(OR(I81=0, AND(J81=2, I81>6.6), AND(J81=3, I81>8.6), AND(J81=5, I81>14.1)), 1, 0)) -> 0 | L81: 50.4
A82: 46084 | B82: 0.39583333 | C82: 1號水槽 | D82: P-06 | E82: 202511012 | F82: 85.8 | H82: 22 | J82: =VLOOKUP(D82, [1]設備資料!$A:$E, 5, 0) -> 3 | K82: =IF(I82="", 0, IF(OR(I82=0, AND(J82=2, I82>6.6), AND(J82=3, I82>8.6), AND(J82=5, I82>14.1)), 1, 0)) -> 0 | L82: 50.4
A83: 46084 | B83: 0.39583333 | C83: 1號水槽 | D83: P-09 | E83: 202511001 | F83: 107.8 | H83: 22 | J83: =VLOOKUP(D83, [1]設備資料!$A:$E, 5, 0) -> 5 | K83: =IF(I83="", 0, IF(OR(I83=0, AND(J83=2, I83>6.6), AND(J83=3, I83>8.6), AND(J83=5, I83>14.1)), 1, 0)) -> 0 | L83: 50.4
A84: 46084 | B84: 0.39583333 | C84: 1號水槽 | D84: P-10 | E84: 202511002 | F84: 103.8 | H84: 22 | J84: =VLOOKUP(D84, [1]設備資料!$A:$E, 5, 0) -> 5 | K84: =IF(I84="", 0, IF(OR(I84=0, AND(J84=2, I84>6.6), AND(J84=3, I84>8.6), AND(J84=5, I84>14.1)), 1, 0)) -> 0 | L84: 50.4
A85: 46084 | B85: 0.40277778 | C85: 2號水槽 | D85: P-03 | E85: 202510024 | F85: 81 | H85: 22 | J85: =VLOOKUP(D85, [1]設備資料!$A:$E, 5, 0) -> 2 | K85: =IF(I85="", 0, IF(OR(I85=0, AND(J85=2, I85>6.6), AND(J85=3, I85>8.6), AND(J85=5, I85>14.1)), 1, 0)) -> 0 | M85: 49.6
A86: 46084 | B86: 0.40277778 | C86: 2號水槽 | D86: P-04 | E86: 202510026 | F86: 84.2 | H86: 22 | J86: =VLOOKUP(D86, [1]設備資料!$A:$E, 5, 0) -> 2 | K86: =IF(I86="", 0, IF(OR(I86=0, AND(J86=2, I86>6.6), AND(J86=3, I86>8.6), AND(J86=5, I86>14.1)), 1, 0)) -> 0 | M86: 49.6
A87: 46084 | B87: 0.40277778 | C87: 2號水槽 | D87: P-07 | E87: 202511017 | F87: 87.2 | H87: 22 | J87: =VLOOKUP(D87, [1]設備資料!$A:$E, 5, 0) -> 3 | K87: =IF(I87="", 0, IF(OR(I87=0, AND(J87=2, I87>6.6), AND(J87=3, I87>8.6), AND(J87=5, I87>14.1)), 1, 0)) -> 0 | M87: 49.6
A88: 46084 | B88: 0.40277778 | C88: 2號水槽 | D88: P-11 | E88: 202511005 | F88: 109.2 | H88: 22 | J88: =VLOOKUP(D88, [1]設備資料!$A:$E, 5, 0) -> 5 | K88: =IF(I88="", 0, IF(OR(I88=0, AND(J88=2, I88>6.6), AND(J88=3, I88>8.6), AND(J88=5, I88>14.1)), 1, 0)) -> 0 | M88: 49.6
A89: 46084 | B89: 0.40277778 | C89: 2號水槽 | D89: P-12 | E89: NA | F89: 110.4 | H89: 22 | J89: =VLOOKUP(D89, [1]設備資料!$A:$E, 5, 0) -> 5 | K89: =IF(I89="", 0, IF(OR(I89=0, AND(J89=2, I89>6.6), AND(J89=3, I89>8.6), AND(J89=5, I89>14.1)), 1, 0)) -> 0 | M89: 49.6
A90: 46084 | B90: 0.6875 | C90: 1號水槽 | D90: P-01 | E90: 202510001 | F90: 79.7 | H90: 23 | J90: =VLOOKUP(D90, [1]設備資料!$A:$E, 5, 0) -> 2 | K90: =IF(I90="", 0, IF(OR(I90=0, AND(J90=2, I90>6.6), AND(J90=3, I90>8.6), AND(J90=5, I90>14.1)), 1, 0)) -> 0 | L90: 48.9
A91: 46084 | B91: 0.6875 | C91: 1號水槽 | D91: P-02 | E91: 202510006 | F91: 75.1 | H91: 23 | J91: =VLOOKUP(D91, [1]設備資料!$A:$E, 5, 0) -> 2 | K91: =IF(I91="", 0, IF(OR(I91=0, AND(J91=2, I91>6.6), AND(J91=3, I91>8.6), AND(J91=5, I91>14.1)), 1, 0)) -> 0 | L91: 48.9
A92: 46084 | B92: 0.6875 | C92: 1號水槽 | D92: P-05 | E92: 202511011 | F92: 85.6 | H92: 23 | J92: =VLOOKUP(D92, [1]設備資料!$A:$E, 5, 0) -> 3 | K92: =IF(I92="", 0, IF(OR(I92=0, AND(J92=2, I92>6.6), AND(J92=3, I92>8.6), AND(J92=5, I92>14.1)), 1, 0)) -> 0 | L92: 48.9
A93: 46084 | B93: 0.6875 | C93: 1號水槽 | D93: P-06 | E93: 202511012 | F93: 84.5 | H93: 23 | J93: =VLOOKUP(D93, [1]設備資料!$A:$E, 5, 0) -> 3 | K93: =IF(I93="", 0, IF(OR(I93=0, AND(J93=2, I93>6.6), AND(J93=3, I93>8.6), AND(J93=5, I93>14.1)), 1, 0)) -> 0 | L93: 48.9
A94: 46084 | B94: 0.6875 | C94: 1號水槽 | D94: P-09 | E94: 202511001 | F94: 106.6 | H94: 23 | J94: =VLOOKUP(D94, [1]設備資料!$A:$E, 5, 0) -> 5 | K94: =IF(I94="", 0, IF(OR(I94=0, AND(J94=2, I94>6.6), AND(J94=3, I94>8.6), AND(J94=5, I94>14.1)), 1, 0)) -> 0 | L94: 48.9
A95: 46084 | B95: 0.6875 | C95: 1號水槽 | D95: P-10 | E95: 202511002 | F95: 102.4 | H95: 23 | J95: =VLOOKUP(D95, [1]設備資料!$A:$E, 5, 0) -> 5 | K95: =IF(I95="", 0, IF(OR(I95=0, AND(J95=2, I95>6.6), AND(J95=3, I95>8.6), AND(J95=5, I95>14.1)), 1, 0)) -> 0 | L95: 48.9
A96: 46084 | B96: 0.69444444 | C96: 2號水槽 | D96: P-03 | E96: 202510024 | F96: 79.5 | H96: 23 | J96: =VLOOKUP(D96, [1]設備資料!$A:$E, 5, 0) -> 2 | K96: =IF(I96="", 0, IF(OR(I96=0, AND(J96=2, I96>6.6), AND(J96=3, I96>8.6), AND(J96=5, I96>14.1)), 1, 0)) -> 0 | M96: 48.1
A97: 46084 | B97: 0.69444444 | C97: 2號水槽 | D97: P-04 | E97: 202510026 | F97: 83 | H97: 23 | J97: =VLOOKUP(D97, [1]設備資料!$A:$E, 5, 0) -> 2 | K97: =IF(I97="", 0, IF(OR(I97=0, AND(J97=2, I97>6.6), AND(J97=3, I97>8.6), AND(J97=5, I97>14.1)), 1, 0)) -> 0 | M97: 48.1
A98: 46084 | B98: 0.69444444 | C98: 2號水槽 | D98: P-07 | E98: 202511017 | F98: 85.3 | H98: 23 | J98: =VLOOKUP(D98, [1]設備資料!$A:$E, 5, 0) -> 3 | K98: =IF(I98="", 0, IF(OR(I98=0, AND(J98=2, I98>6.6), AND(J98=3, I98>8.6), AND(J98=5, I98>14.1)), 1, 0)) -> 0 | M98: 48.1
A99: 46084 | B99: 0.69444444 | C99: 2號水槽 | D99: P-11 | E99: 202511005 | F99: 107.1 | H99: 23 | J99: =VLOOKUP(D99, [1]設備資料!$A:$E, 5, 0) -> 5 | K99: =IF(I99="", 0, IF(OR(I99=0, AND(J99=2, I99>6.6), AND(J99=3, I99>8.6), AND(J99=5, I99>14.1)), 1, 0)) -> 0 | M99: 48.1
A100: 46084 | B100: 0.69444444 | C100: 2號水槽 | D100: P-12 | E100: NA | F100: 109 | H100: 23 | J100: =VLOOKUP(D100, [1]設備資料!$A:$E, 5, 0) -> 5 | K100: =IF(I100="", 0, IF(OR(I100=0, AND(J100=2, I100>6.6), AND(J100=3, I100>8.6), AND(J100=5, I100>14.1)), 1, 0)) -> 0 | M100: 48.1
...
